{"framework":"apd-framework-9.0.8","title":"Ayuda de Terminal","build_id":"556a95bf680ce24d354b259c","icon":"..\/GlobalArt\/AppIconDefault_Terminal.png","sections":{"trml2d2340ac":{"name":"Ajustar las preferencias","children":["trml107","trml1036","trml20912","trml113","trml15233"]},"trml2a13d2ad":{"name":"Trabajar en la ventana de Terminal","children":["trml1002","trml1001","trml106"]},"trml6dee242c":{"name":"Usar automatización y scripts","children":["trml15652","trml108","trml1020","trml11513","trml1003"]}},"birdseed_version":4,"toc":["trml11412","trml2a13d2ad","trml2d2340ac","trml6dee242c","trmlshtcts"],"locale":"es","version":"10.11","enable_tracking":false,"source_schema":"apd-schema","platform":"mac","build_date":"2015.05.30-23:49:20","landing":"trml35501","product":"terminal","urls":{},"copyright":"","topics":{"trml1031":{"name":"Crear pestañas en una ventana de Terminal","href":"trml1031.html","unavailable":true},"trml107":{"name":"Cambiar el aspecto de las ventanas de Terminal","href":"trml107.html","unavailable":true},"trmladvn":{"name":"Panel Avanzado de las preferencias de Perfiles","href":"trmladvn.html","unavailable":true},"trml1036":{"searchName":"Cambiar el aspecto del texto en Terminal","unavailable":true,"name":"Cambiar el aspecto del texto","href":"trml1036.html"},"trmlkbrd":{"name":"Panel Teclado de las preferencias de Perfiles","href":"trmlkbrd.html","unavailable":true},"trml1020":{"name":"Usar funciones de accesibilidad de OS X","href":"trml1020.html","unavailable":true},"trmlwindw":{"name":"Panel Ventana de las preferencias de Perfiles","href":"trmlwindw.html","unavailable":true},"trml15228":{"name":"Cambiar el título que se muestra en una ventana de Terminal","href":"trml15228.html","unavailable":true},"trmlstrtup":{"name":"Panel General de las preferencias de Terminal","href":"trmlstrtup.html","unavailable":true},"trml11512":{"searchName":"Editar los comandos utilizados recientemente en Terminal","unavailable":true,"name":"Editar comandos utilizados previamente","href":"trml11512.html"},"trml20912":{"searchName":"Ajustar una alerta de audio o visual en Terminal","unavailable":true,"name":"Ajustar una alerta de audio o visual","href":"trml20912.html"},"trml1001":{"searchName":"Corregir errores de escritura en Terminal","unavailable":true,"name":"Corregir errores de escritura","href":"trml1001.html"},"trml106":{"name":"Arrastrar archivos a Terminal para especificar rutas","href":"trml106.html","unavailable":true},"trml35501":{"icon":"..\/GlobalArt\/AppLanding_Terminal.png","categories":["landing"],"name":"Ayuda de Terminal","href":"trml35501.html"},"trmltab":{"name":"Panel Pestañas de las preferencias de Perfiles","href":"trmltab.html","unavailable":true},"trml15220":{"searchName":"Activar codificaciones de caracteres internacionales en Terminal","unavailable":true,"name":"Activar codificaciones de caracteres internacionales","href":"trml15220.html"},"trml11513":{"name":"Ejecutar scripts de AppleScript desde Terminal","href":"trml11513.html","unavailable":true},"trml35615":{"name":"Si Terminal emite un pitido mientras escribe","href":"trml35615.html","unavailable":true},"trml1019":{"name":"Copiar texto en una ventana de Terminal","href":"trml1019.html","unavailable":true},"trml1003":{"name":"Automatizar tareas con AppleScript","href":"trml1003.html","unavailable":true},"trml104":{"searchName":"Exportar ajustes de Terminal","unavailable":true,"name":"Exportar ajustes de perfil","href":"trml104.html"},"trml1032":{"searchName":"Activar codificaciones de caracteres internacionales en Terminal","unavailable":true,"name":"Activar codificaciones de caracteres internacionales","href":"trml1032.html"},"trml15652":{"searchName":"Abrir un grupo de ventanas de Terminal automáticamente","unavailable":true,"name":"Abrir un grupo de ventanas automáticamente","href":"trml15652.html"},"trml109":{"searchName":"Impedir la detección no deseada de pulsaciones de tecla en Terminal","unavailable":true,"name":"Impedir la detección no deseada de pulsaciones de tecla","href":"trml109.html"},"trml15226":{"searchName":"Cambiar el cursor en Terminal","unavailable":true,"name":"Cambiar el cursor","href":"trml15226.html"},"trml113":{"searchName":"Cambiar los ajustes por omisión de la ventana de shell de Terminal","unavailable":true,"name":"Cambiar los ajustes por omisión de la ventana de shell","href":"trml113.html"},"trmltxt":{"name":"Panel Texto de las preferencias de Perfiles","href":"trmltxt.html","unavailable":true},"trml103":{"searchName":"Visualizar caracteres de bit alto en Terminal","unavailable":true,"name":"Visualizar caracteres de bit alto","href":"trml103.html"},"trmlshll":{"name":"Panel Shell de las preferencias de Perfiles","href":"trmlshll.html","unavailable":true},"trml1018":{"searchName":"Conectarse a servidores en Terminal","unavailable":true,"name":"Conectarse a servidores","href":"trml1018.html"},"trml1002":{"searchName":"Repetir comandos introducidos anteriormente en Terminal","unavailable":true,"name":"Repetir comandos introducidos anteriormente","href":"trml1002.html"},"trml108":{"searchName":"Crear teclas de función personalizadas en Terminal","unavailable":true,"name":"Crear teclas de función personalizadas","href":"trml108.html"},"trmlshtcts":{"searchName":"Funciones rápidas de teclado de Terminal","unavailable":true,"name":"Funciones rápidas de teclado","href":"trmlshtcts.html"},"trml1034":{"searchName":"Importar un archivo de ajustes de Terminal","unavailable":true,"name":"Importar un archivo de ajustes","href":"trml1034.html"},"trml11412":{"name":"Visión general de Terminal","href":"trml11412.html","unavailable":true},"trmlwrkspc":{"name":"Panel “Grupos de ventanas” de las preferencias de Terminal","href":"trmlwrkspc.html","unavailable":true},"trml15233":{"searchName":"Cambiar la cantidad de texto que se mantiene en una ventana de Terminal","unavailable":true,"name":"Limitar el número de filas guardadas en una sesión","href":"trml15233.html"},"trmlencd":{"name":"Panel Codificaciones de las preferencias de Terminal","href":"trmlencd.html","unavailable":true}},"copyright_text":"© 2015 Apple Inc. Todos los derechos reservados.","css":""}