{"framework":"apd-framework-9.0.8","title":"Bantuan Terminal","build_id":"556a95c0680ce24d354b25a2","icon":"..\/GlobalArt\/AppIconDefault_Terminal.png","sections":{"trml2d2340ac":{"name":"Mengatur preferensi","children":["trml107","trml1036","trml20912","trml113","trml15233"]},"trml2a13d2ad":{"name":"Bekerja di jendela Terminal","children":["trml1002","trml1001","trml106"]},"trml6dee242c":{"name":"Menggunakan otomatisasi dan skrip","children":["trml15652","trml108","trml1020","trml11513","trml1003"]}},"birdseed_version":4,"toc":["trml11412","trml2a13d2ad","trml2d2340ac","trml6dee242c","trmlshtcts"],"locale":"id","version":"10.11","enable_tracking":false,"source_schema":"apd-schema","platform":"mac","build_date":"2015.05.30-23:52:06","landing":"trml35501","product":"terminal","urls":{},"copyright":"","topics":{"trml1031":{"name":"Membuat tab di jendela Terminal","href":"trml1031.html","unavailable":true},"trml107":{"name":"Mengubah tampilan jendela Terminal","href":"trml107.html","unavailable":true},"trmladvn":{"name":"Panel Lanjutan dari preferensi Profil","href":"trmladvn.html","unavailable":true},"trml1036":{"searchName":"Ubah tampilan teks di Terminal","unavailable":true,"name":"Mengubah tampilan teks","href":"trml1036.html"},"trmlkbrd":{"name":"Panel Papan Ketik pada preferensi Profil","href":"trmlkbrd.html","unavailable":true},"trml1020":{"name":"Menggunakan fitur aksesibilitas OS X","href":"trml1020.html","unavailable":true},"trmlwindw":{"name":"Panel Jendela pada preferensi Profil","href":"trmlwindw.html","unavailable":true},"trml15228":{"name":"Mengubah judul yang ditampilkan di jendela Terminal","href":"trml15228.html","unavailable":true},"trmlstrtup":{"name":"Panel Umum pada preferensi Terminal","href":"trmlstrtup.html","unavailable":true},"trml11512":{"searchName":"Edit perintah yang baru-baru ini digunakan di Terminal","unavailable":true,"name":"Mengedit perintah yang baru-baru ini digunakan","href":"trml11512.html"},"trml20912":{"searchName":"Atur peringatan audio atau visual di Terminal","unavailable":true,"name":"Mengatur peringatan audio atau visual","href":"trml20912.html"},"trml1001":{"searchName":"Perbaiki kesalahan pengetikan di Terminal","unavailable":true,"name":"Memperbaiki kesalahan pengetikan","href":"trml1001.html"},"trml106":{"name":"Menyeret file ke dalam Terminal untuk menentukan jalur","href":"trml106.html","unavailable":true},"trml35501":{"icon":"..\/GlobalArt\/AppLanding_Terminal.png","categories":["landing"],"name":"Bantuan Terminal","href":"trml35501.html"},"trmltab":{"name":"Panel Tab pada preferensi Profil","href":"trmltab.html","unavailable":true},"trml15220":{"searchName":"Aktifkan pengodean karakter internasional di Terminal","unavailable":true,"name":"Mengaktifkan pengodean karakter internasional","href":"trml15220.html"},"trml11513":{"name":"Menjalankan skrip AppleScript dari Terminal","href":"trml11513.html","unavailable":true},"trml35615":{"name":"Jika Terminal berbunyi bip saat Anda mengetik","href":"trml35615.html","unavailable":true},"trml1019":{"name":"Menyalin teks ke dalam jendela Terminal","href":"trml1019.html","unavailable":true},"trml1003":{"name":"Mengotomatisasi tugas menggunakan AppleScript","href":"trml1003.html","unavailable":true},"trml104":{"searchName":"Ekspor pengaturan Terminal","unavailable":true,"name":"Mengekspor pengaturan profil","href":"trml104.html"},"trml1032":{"searchName":"Aktifkan pengodean karakter internasional di Terminal","unavailable":true,"name":"Mengaktifkan pengodean karakter internasional","href":"trml1032.html"},"trml15652":{"searchName":"Buka sekelompok jendela Terminal secara otomatis","unavailable":true,"name":"Membuka sekelompok jendela secara otomatis","href":"trml15652.html"},"trml109":{"searchName":"Cegah pendeteksian penekanan tombol yang tidak diinginkan di Terminal","unavailable":true,"name":"Mencegah pendeteksian penekanan tombol yang tidak diinginkan","href":"trml109.html"},"trml15226":{"searchName":"Ubah kursor di Terminal","unavailable":true,"name":"Mengubah kursor","href":"trml15226.html"},"trml113":{"searchName":"Ubah default jendela shell Terminal","unavailable":true,"name":"Mengubah default jendela shell","href":"trml113.html"},"trmltxt":{"name":"Panel Teks pada preferensi Profil","href":"trmltxt.html","unavailable":true},"trml103":{"searchName":"Tampilkan karakter berbita tinggi di Terminal","unavailable":true,"name":"Menampilkan karakter berbita tinggi","href":"trml103.html"},"trmlshll":{"name":"Panel Shell pada preferensi Profil","href":"trmlshll.html","unavailable":true},"trml1018":{"searchName":"Terhubung ke server di Terminal","unavailable":true,"name":"Terhubung ke server","href":"trml1018.html"},"trml1002":{"searchName":"Ulangi perintah yang dimasukkan sebelumnya di Terminal","unavailable":true,"name":"Mengulangi perintah yang dimasukkan sebelumnya","href":"trml1002.html"},"trml108":{"searchName":"Buat tombol fungsi khusus di Terminal","unavailable":true,"name":"Membuat tombol fungsi khusus","href":"trml108.html"},"trmlshtcts":{"searchName":"Pintasan papan ketik Terminal","unavailable":true,"name":"Pintasan papan ketik","href":"trmlshtcts.html"},"trml1034":{"searchName":"Impor file pengaturan Terminal","unavailable":true,"name":"Mengimpor file pengaturan","href":"trml1034.html"},"trml11412":{"name":"Tinjauan Terminal","href":"trml11412.html","unavailable":true},"trmlwrkspc":{"name":"Panel Grup Jendela pada preferensi Terminal","href":"trmlwrkspc.html","unavailable":true},"trml15233":{"searchName":"Modifikasi banyaknya teks yang ditahan di jendela Terminal","unavailable":true,"name":"Membatasi jumlah baris yang ditahan dalam sesi","href":"trml15233.html"},"trmlencd":{"name":"Panel Pengodean pada preferensi Terminal","href":"trmlencd.html","unavailable":true}},"copyright_text":"© 2015 Apple Inc. Semua hak cipta dilindungi undang-undang.","css":""}