{"framework":"apd-framework-9.0.8","title":"Trợ giúp Terminal","build_id":"556a95bd680ce24d354b2578","icon":"..\/GlobalArt\/AppIconDefault_Terminal.png","sections":{"trml2d2340ac":{"name":"Đặt tùy chọn","children":["trml107","trml1036","trml20912","trml113","trml15233"]},"trml2a13d2ad":{"name":"Làm việc trong cửa sổ Terminal","children":["trml1002","trml1001","trml106"]},"trml6dee242c":{"name":"Sử dụng tự động hóa và tập lệnh","children":["trml15652","trml108","trml1020","trml11513","trml1003"]}},"birdseed_version":4,"toc":["trml11412","trml2a13d2ad","trml2d2340ac","trml6dee242c","trmlshtcts"],"locale":"vi","version":"10.11","enable_tracking":false,"source_schema":"apd-schema","platform":"mac","build_date":"2015.05.30-23:51:22","landing":"trml35501","product":"terminal","urls":{},"copyright":"","topics":{"trml1031":{"name":"Tạo tab trong cửa sổ Terminal","href":"trml1031.html","unavailable":true},"trml107":{"name":"Thay đổi hình thức của các cửa sổ Terminal","href":"trml107.html","unavailable":true},"trmladvn":{"name":"Khung Nâng cao của tùy chọn Cấu hình","href":"trmladvn.html","unavailable":true},"trml1036":{"searchName":"Thay đổi hình thức của văn bản trong Terminal","unavailable":true,"name":"Thay đổi hình thức của văn bản","href":"trml1036.html"},"trmlkbrd":{"name":"Khung Bàn phím của tùy chọn Cấu hình","href":"trmlkbrd.html","unavailable":true},"trml1020":{"name":"Sử dụng các tính năng trợ năng trong OS X","href":"trml1020.html","unavailable":true},"trmlwindw":{"name":"Khung Cửa sổ của tùy chọn Cấu hình","href":"trmlwindw.html","unavailable":true},"trml15228":{"name":"Thay đổi tiêu đề được hiển thị trong cửa sổ Terminal","href":"trml15228.html","unavailable":true},"trmlstrtup":{"name":"Khung Cài đặt chung của tùy chọn Terminal","href":"trmlstrtup.html","unavailable":true},"trml11512":{"searchName":"Sửa các lệnh được sử dụng gần đây trong Terminal","unavailable":true,"name":"Sửa các lệnh được sử dụng trước đây","href":"trml11512.html"},"trml20912":{"searchName":"Đặt cảnh báo bằng âm thanh hoặc hình ảnh trong Terminal","unavailable":true,"name":"Đặt cảnh báo bằng âm thanh hoặc hình ảnh","href":"trml20912.html"},"trml1001":{"searchName":"Sửa lỗi nhập liệu trong Terminal","unavailable":true,"name":"Sửa các lỗi nhập liệu","href":"trml1001.html"},"trml106":{"name":"Kéo tệp vào Terminal để chỉ định đường dẫn","href":"trml106.html","unavailable":true},"trml35501":{"icon":"..\/GlobalArt\/AppLanding_Terminal.png","categories":["landing"],"name":"Trợ giúp Terminal","href":"trml35501.html"},"trmltab":{"name":"Khung tab của tùy chọn Cấu hình","href":"trmltab.html","unavailable":true},"trml15220":{"searchName":"Bật mã hóa ký tự quốc tế trong Terminal","unavailable":true,"name":"Bật mã hóa ký tự quốc tế","href":"trml15220.html"},"trml11513":{"name":"Chạy tập lệnh AppleScript từ Terminal","href":"trml11513.html","unavailable":true},"trml35615":{"name":"Nếu Terminal phát ra tiếng bíp khi bạn nhập","href":"trml35615.html","unavailable":true},"trml1019":{"name":"Sao chép văn bản vào cửa sổ Terminal","href":"trml1019.html","unavailable":true},"trml1003":{"name":"Tự động hóa các tác vụ bằng AppleScript","href":"trml1003.html","unavailable":true},"trml104":{"searchName":"Xuất cài đặt Terminal","unavailable":true,"name":"Xuất cài đặt cấu hình","href":"trml104.html"},"trml1032":{"searchName":"Kích hoạt mã hóa ký tự quốc tế trong Terminal","unavailable":true,"name":"Kích hoạt mã hóa ký tự quốc tế","href":"trml1032.html"},"trml15652":{"searchName":"Mở tự động một nhóm các cửa sổ Terminal","unavailable":true,"name":"Mở tự động một nhóm các cửa sổ","href":"trml15652.html"},"trml109":{"searchName":"Ngăn việc phát hiện thao tác phím không mong muốn trong Terminal","unavailable":true,"name":"Ngăn việc phát hiện thao tác phím không mong muốn","href":"trml109.html"},"trml15226":{"searchName":"Thay đổi con trỏ trong Terminal","unavailable":true,"name":"Thay đổi con trỏ","href":"trml15226.html"},"trml113":{"searchName":"Thay đổi các mặc định cửa sổ shell Terminal","unavailable":true,"name":"Thay đổi các mặc định cửa sổ shell","href":"trml113.html"},"trmltxt":{"name":"Khung Văn bản của tùy chọn Cấu hình","href":"trmltxt.html","unavailable":true},"trml103":{"searchName":"Hiển thị các ký tự có bit cao trong Terminal","unavailable":true,"name":"Hiển thị các ký tự có bit cao","href":"trml103.html"},"trmlshll":{"name":"Khung Shell của tùy chọn Cấu hình","href":"trmlshll.html","unavailable":true},"trml1018":{"searchName":"Kết nối với máy chủ trong Terminal","unavailable":true,"name":"Kết nối với máy chủ","href":"trml1018.html"},"trml1002":{"searchName":"Lặp lại các lệnh đã nhập trước đó trong Terminal","unavailable":true,"name":"Lặp lại các lệnh đã nhập trước đó","href":"trml1002.html"},"trml108":{"searchName":"Tạo các phím chức năng tùy chỉnh trong Terminal","unavailable":true,"name":"Tạo các phím chức năng tùy chỉnh","href":"trml108.html"},"trmlshtcts":{"searchName":"Phím tắt trên bàn phím của Terminal","unavailable":true,"name":"Phím tắt","href":"trmlshtcts.html"},"trml1034":{"searchName":"Nhập tệp cài đặt Terminal","unavailable":true,"name":"Nhập tệp cài đặt","href":"trml1034.html"},"trml11412":{"name":"Tổng quan về Terminal","href":"trml11412.html","unavailable":true},"trmlwrkspc":{"name":"Khung Nhóm Cửa sổ của tùy chọn Terminal","href":"trmlwrkspc.html","unavailable":true},"trml15233":{"searchName":"Sửa đổi lượng văn bản được giữ lại trong cửa sổ Terminal","unavailable":true,"name":"Giới hạn số lượng hàng được giữ lại trong một phiên","href":"trml15233.html"},"trmlencd":{"name":"Khung Mã hóa của tùy chọn Terminal","href":"trmlencd.html","unavailable":true}},"copyright_text":"© 2015 Apple Inc. Mọi quyền được bảo lưu.","css":""}