{"framework":"apd-framework-9.0.8","title":"Terminal Help","build_id":"556a95c9680ce24d354b2614","icon":"..\/GlobalArt\/AppIconDefault_Terminal.png","sections":{"trml2d2340ac":{"name":"Voorkeuren instellen","children":["trml107","trml1036","trml20912","trml113","trml15233"]},"trml2a13d2ad":{"name":"Werken in het Terminal-venster","children":["trml1002","trml1001","trml106"]},"trml6dee242c":{"name":"Automatisering en scripts gebruiken","children":["trml15652","trml108","trml1020","trml11513","trml1003"]}},"birdseed_version":4,"toc":["trml11412","trml2a13d2ad","trml2d2340ac","trml6dee242c","trmlshtcts"],"locale":"nl","version":"10.11","enable_tracking":false,"source_schema":"apd-schema","platform":"mac","build_date":"2015.05.30-23:48:27","landing":"trml35501","product":"terminal","urls":{},"copyright":"","topics":{"trml1031":{"name":"Tabbladen in een Terminal-venster aanmaken","href":"trml1031.html","unavailable":true},"trml107":{"name":"De weergave van Terminal-vensters wijzigen","href":"trml107.html","unavailable":true},"trmladvn":{"name":"Het paneel 'Geavanceerd' in het voorkeurenvenster 'Profielen'","href":"trmladvn.html","unavailable":true},"trml1036":{"searchName":"De weergave van tekst wijzigen in Terminal","unavailable":true,"name":"De weergave van tekst wijzigen","href":"trml1036.html"},"trmlkbrd":{"name":"Het paneel 'Toetsenbord' in het voorkeurenvenster 'Profielen'","href":"trmlkbrd.html","unavailable":true},"trml1020":{"name":"Toegankelijkheidsvoorzieningen in OS X gebruiken","href":"trml1020.html","unavailable":true},"trmlwindw":{"name":"Het paneel 'Venster' in het voorkeurenvenster 'Profielen'","href":"trmlwindw.html","unavailable":true},"trml15228":{"name":"De titel van een Terminal-venster wijzigen","href":"trml15228.html","unavailable":true},"trmlstrtup":{"name":"Het paneel 'Algemeen' in het voorkeurenvenster van Terminal","href":"trmlstrtup.html","unavailable":true},"trml11512":{"searchName":"Recentelijk gebruikte commando's wijzigen in Terminal","unavailable":true,"name":"Eerder gebruikte commando's wijzigen","href":"trml11512.html"},"trml20912":{"searchName":"Een geluidssignaal of visueel signaal instellen in Terminal","unavailable":true,"name":"Een geluidssignaal of visueel signaal instellen","href":"trml20912.html"},"trml1001":{"searchName":"Typefouten corrigeren in Terminal","unavailable":true,"name":"Typefouten corrigeren","href":"trml1001.html"},"trml106":{"name":"Bestanden naar Terminal slepen om paden op te geven","href":"trml106.html","unavailable":true},"trml35501":{"icon":"..\/GlobalArt\/AppLanding_Terminal.png","categories":["landing"],"name":"Terminal Help","href":"trml35501.html"},"trmltab":{"name":"Het tabpaneel in het voorkeurenvenster 'Profielen'","href":"trmltab.html","unavailable":true},"trml15220":{"searchName":"Internationale tekencoderingen inschakelen in Terminal","unavailable":true,"name":"Internationale tekencoderingen inschakelen","href":"trml15220.html"},"trml11513":{"name":"AppleScript-scripts uitvoeren vanuit Terminal","href":"trml11513.html","unavailable":true},"trml35615":{"name":"Terminal laat pieptonen horen terwijl u typt","href":"trml35615.html","unavailable":true},"trml1019":{"name":"Tekst kopiëren naar een Terminal-venster","href":"trml1019.html","unavailable":true},"trml1003":{"name":"Taken automatiseren met AppleScript","href":"trml1003.html","unavailable":true},"trml104":{"searchName":"Terminal-instellingen exporteren","unavailable":true,"name":"Profielinstellingen exporteren","href":"trml104.html"},"trml1032":{"searchName":"Internationale tekencoderingen activeren in Terminal","unavailable":true,"name":"Internationale tekencoderingen activeren","href":"trml1032.html"},"trml15652":{"searchName":"Een groep Terminal-vensters automatisch openen","unavailable":true,"name":"Een venstergroep automatisch openen","href":"trml15652.html"},"trml109":{"searchName":"Ongewenste detectie van toetsaanslagen voorkomen in Terminal","unavailable":true,"name":"Ongewenste detectie van toetsaanslagen voorkomen","href":"trml109.html"},"trml15226":{"searchName":"De cursor wijzigen in Terminal","unavailable":true,"name":"De cursor wijzigen","href":"trml15226.html"},"trml113":{"searchName":"Standaardinstellingen voor Terminal-shellvensters wijzigen","unavailable":true,"name":"Standaardinstellingen voor shellvensters wijzigen","href":"trml113.html"},"trmltxt":{"name":"Het paneel 'Tekst' in het voorkeurenvenster 'Profielen'","href":"trmltxt.html","unavailable":true},"trml103":{"searchName":"Tekens met een hoge bitwaarde weergeven in Terminal","unavailable":true,"name":"Tekens met een hoge bitwaarde weergeven","href":"trml103.html"},"trmlshll":{"name":"Het paneel 'Shell' in het voorkeurenvenster 'Profielen'","href":"trmlshll.html","unavailable":true},"trml1018":{"searchName":"Verbinding maken met servers in Terminal","unavailable":true,"name":"Verbinding maken met servers","href":"trml1018.html"},"trml1002":{"searchName":"Eerder ingevoerde commando's herhalen in Terminal","unavailable":true,"name":"Eerder ingevoerde commando's herhalen","href":"trml1002.html"},"trml108":{"searchName":"Aangepaste functietoetsen instellen in Terminal","unavailable":true,"name":"Aangepaste functietoetsen instellen","href":"trml108.html"},"trmlshtcts":{"searchName":"Toetscombinaties voor Terminal","unavailable":true,"name":"Toetscombinaties","href":"trmlshtcts.html"},"trml1034":{"searchName":"Terminal-instellingenbestand importeren","unavailable":true,"name":"Een instellingenbestand importeren","href":"trml1034.html"},"trml11412":{"name":"Overzicht van Terminal","href":"trml11412.html","unavailable":true},"trmlwrkspc":{"name":"Het paneel 'Venstergroepen' in het voorkeurenvenster van Terminal","href":"trmlwrkspc.html","unavailable":true},"trml15233":{"searchName":"Instellen hoeveel rijen tekst in een Terminal-venster worden bewaard","unavailable":true,"name":"Het aantal rijen beperken dat in een sessie wordt bewaard","href":"trml15233.html"},"trmlencd":{"name":"Het paneel 'Coderingen' in het voorkeurenvenster van Terminal","href":"trmlencd.html","unavailable":true}},"copyright_text":"© 2015 Apple Inc. Alle rechten voorbehouden.","css":""}