{"framework":"apd-framework-9.0.8","title":"Ajuda do Terminal","build_id":"556a95ca680ce24d354b261a","icon":"..\/GlobalArt\/AppIconDefault_Terminal.png","sections":{"trml2d2340ac":{"name":"Definir preferências","children":["trml107","trml1036","trml20912","trml113","trml15233"]},"trml2a13d2ad":{"name":"Trabalhar na janela do Terminal","children":["trml1002","trml1001","trml106"]},"trml6dee242c":{"name":"Utilizar a automatização e scripts","children":["trml15652","trml108","trml1020","trml11513","trml1003"]}},"birdseed_version":4,"toc":["trml11412","trml2a13d2ad","trml2d2340ac","trml6dee242c","trmlshtcts"],"locale":"pt-pt","version":"10.11","enable_tracking":false,"source_schema":"apd-schema","platform":"mac","build_date":"2015.05.30-23:51:06","landing":"trml35501","product":"terminal","urls":{},"copyright":"","topics":{"trml1031":{"name":"Criar separadores numa janela do Terminal","href":"trml1031.html","unavailable":true},"trml107":{"name":"Mudar o aspecto das janelas do Terminal","href":"trml107.html","unavailable":true},"trmladvn":{"name":"Painel Avançadas do painel de preferências Definições","href":"trmladvn.html","unavailable":true},"trml1036":{"searchName":"Mudar o aspecto do texto no Terminal","unavailable":true,"name":"Mudar o aspecto do texto","href":"trml1036.html"},"trmlkbrd":{"name":"Painel Teclado do painel de preferências Definições","href":"trmlkbrd.html","unavailable":true},"trml1020":{"name":"Usar funcionalidades de acessibilidade do OS X","href":"trml1020.html","unavailable":true},"trmlwindw":{"name":"Painel Janela do painel de preferências Definições","href":"trmlwindw.html","unavailable":true},"trml15228":{"name":"Alterar o título apresentado numa janela do Terminal","href":"trml15228.html","unavailable":true},"trmlstrtup":{"name":"Painel Geral das preferências do Terminal","href":"trmlstrtup.html","unavailable":true},"trml11512":{"searchName":"Editar comandos recentemente utilizados no Terminal","unavailable":true,"name":"Editar comandos utilizados anteriormente","href":"trml11512.html"},"trml20912":{"searchName":"Definir um alerta sonoro ou visual no Terminal","unavailable":true,"name":"Definir um alerta sonoro ou visual","href":"trml20912.html"},"trml1001":{"searchName":"Corrigir erros de digitação no Terminal","unavailable":true,"name":"Corrigir erros de digitação","href":"trml1001.html"},"trml106":{"name":"Arrastar ficheiros para o Terminal para especificar caminhos","href":"trml106.html","unavailable":true},"trml35501":{"icon":"..\/GlobalArt\/AppLanding_Terminal.png","categories":["landing"],"name":"Ajuda do Terminal","href":"trml35501.html"},"trmltab":{"name":"Painel Separador do painel de preferências Definições","href":"trmltab.html","unavailable":true},"trml15220":{"searchName":"Activar as codificações de caracteres internacionais no Terminal","unavailable":true,"name":"Permitir as codificações de caracteres internacionais","href":"trml15220.html"},"trml11513":{"name":"Executar scripts de AppleScript no Terminal","href":"trml11513.html","unavailable":true},"trml35615":{"name":"Se o Terminal emitir sons à medida que digita","href":"trml35615.html","unavailable":true},"trml1019":{"name":"Copiar texto para uma janela do Terminal","href":"trml1019.html","unavailable":true},"trml1003":{"name":"Automatizar tarefas utilizando o AppleScript","href":"trml1003.html","unavailable":true},"trml104":{"searchName":"Exportar definições do Terminal","unavailable":true,"name":"Exportar definições do perfil","href":"trml104.html"},"trml1032":{"searchName":"Activar as codificações de caracteres internacionais no Terminal","unavailable":true,"name":"Activar as codificações de caracteres internacionais","href":"trml1032.html"},"trml15652":{"searchName":"Abrir um grupo de janelas do Terminal automaticamente","unavailable":true,"name":"Abrir um grupo de janelas automaticamente","href":"trml15652.html"},"trml109":{"searchName":"Impedir a detecção acidental de combinações de teclas no Terminal","unavailable":true,"name":"Impedir a detecção acidental de combinações de teclas","href":"trml109.html"},"trml15226":{"searchName":"Alterar o cursor no Terminal","unavailable":true,"name":"Alterar o cursor","href":"trml15226.html"},"trml113":{"searchName":"Alterar as predefinições da janela shell do Terminal","unavailable":true,"name":"Alterar as predefinições da janela shell","href":"trml113.html"},"trmltxt":{"name":"Painel Texto do painel de preferências Definições","href":"trmltxt.html","unavailable":true},"trml103":{"searchName":"Apresentar caracteres high-bit no Terminal","unavailable":true,"name":"Apresentar caracteres high-bit","href":"trml103.html"},"trmlshll":{"name":"Painel Shell do painel de preferências Definições","href":"trmlshll.html","unavailable":true},"trml1018":{"searchName":"Estabelecer ligação a servidores no Terminal","unavailable":true,"name":"Estabelecer ligação a servidores","href":"trml1018.html"},"trml1002":{"searchName":"Repetir comandos previamente introduzidos no Terminal","unavailable":true,"name":"Repetir comandos previamente introduzidos","href":"trml1002.html"},"trml108":{"searchName":"Criar teclas de função personalizadas no Terminal","unavailable":true,"name":"Criar teclas de função personalizadas","href":"trml108.html"},"trmlshtcts":{"searchName":"Atalhos de teclado do Terminal","unavailable":true,"name":"Atalhos de teclado","href":"trmlshtcts.html"},"trml1034":{"searchName":"Importar um ficheiro de definições do Terminal","unavailable":true,"name":"Importar um ficheiro de definições","href":"trml1034.html"},"trml11412":{"name":"Visão geral do Terminal","href":"trml11412.html","unavailable":true},"trmlwrkspc":{"name":"Painel “Grupos de janelas” das preferências do Terminal","href":"trmlwrkspc.html","unavailable":true},"trml15233":{"searchName":"Modificar a quantidade de texto conservado numa janela do Terminal","unavailable":true,"name":"Limitar o número de linhas conservadas numa sessão","href":"trml15233.html"},"trmlencd":{"name":"Painel Codificações das preferências do Terminal","href":"trmlencd.html","unavailable":true}},"copyright_text":"© 2015 Apple Inc. Todos os direitos reservados.","css":""}