{"framework":"apd-framework-9.0.8","title":"Βοήθεια για Τερματικό","build_id":"556a95c4680ce24d354b25de","icon":"..\/GlobalArt\/AppIconDefault_Terminal.png","sections":{"trml2d2340ac":{"name":"Καθορισμός προτιμήσεων","children":["trml107","trml1036","trml20912","trml113","trml15233"]},"trml2a13d2ad":{"name":"Εργασία σε παράθυρο του Τερματικού","children":["trml1002","trml1001","trml106"]},"trml6dee242c":{"name":"Χρήση αυτοματισμού και σκριπτ","children":["trml15652","trml108","trml1020","trml11513","trml1003"]}},"birdseed_version":4,"toc":["trml11412","trml2a13d2ad","trml2d2340ac","trml6dee242c","trmlshtcts"],"locale":"el","version":"10.11","enable_tracking":false,"source_schema":"apd-schema","platform":"mac","build_date":"2015.05.30-23:49:18","landing":"trml35501","product":"terminal","urls":{},"copyright":"","topics":{"trml1031":{"name":"Δημιουργία καρτελών σε παράθυρα Τερματικού","href":"trml1031.html","unavailable":true},"trml107":{"name":"Αλλαγή εμφάνισης παραθύρων για το Τερματικό","href":"trml107.html","unavailable":true},"trmladvn":{"name":"Τμήμα «Προηγμένα» στις προτιμήσεις Προφίλ","href":"trmladvn.html","unavailable":true},"trml1036":{"searchName":"Αλλαγή της εμφάνισης κειμένου στο Τερματικό","unavailable":true,"name":"Αλλαγή της εμφάνισης κειμένου","href":"trml1036.html"},"trmlkbrd":{"name":"Τμήμα «Πληκτρολόγιο» στις προτιμήσεις Προφίλ","href":"trmlkbrd.html","unavailable":true},"trml1020":{"name":"Χρήση δυνατοτήτων προσβασιμότητας OS X","href":"trml1020.html","unavailable":true},"trmlwindw":{"name":"Τμήμα «Παράθυρο» στις προτιμήσεις Προφίλ","href":"trmlwindw.html","unavailable":true},"trml15228":{"name":"Αλλαγή του τίτλου που εμφανίζεται σε παράθυρο Τερματικού","href":"trml15228.html","unavailable":true},"trmlstrtup":{"name":"Τμήμα «Γενικά» των προτιμήσεων για το Τερματικό","href":"trmlstrtup.html","unavailable":true},"trml11512":{"searchName":"Επεξεργασία πρόσφατα χρησιμοποιημένων εντολών στο Τερματικό","unavailable":true,"name":"Επεξεργασία εντολών που έχετε χρησιμοποιήσει στο παρελθόν","href":"trml11512.html"},"trml20912":{"searchName":"Ορισμός ηχητικής ή οπτικής ειδοποίησης στο Τερματικό","unavailable":true,"name":"Ορισμός ηχητικής ή οπτικής ειδοποίησης","href":"trml20912.html"},"trml1001":{"searchName":"Διόρθωση λαθών πληκτρολόγησης στο Τερματικό","unavailable":true,"name":"Διόρθωση λαθών πληκτρολόγησης","href":"trml1001.html"},"trml106":{"name":"Μεταφορά αρχείων στο Τερματικό για τον καθορισμό διαδρομών","href":"trml106.html","unavailable":true},"trml35501":{"icon":"..\/GlobalArt\/AppLanding_Terminal.png","categories":["landing"],"name":"Βοήθεια για Τερματικό","href":"trml35501.html"},"trmltab":{"name":"Τμήμα «Στηλοθέτης» στις προτιμήσεις Προφίλ","href":"trmltab.html","unavailable":true},"trml15220":{"searchName":"Ενεργοποίηση κωδικοποιήσεων διεθνών χαρακτήρων στο Τερματικό","unavailable":true,"name":"Ενεργοποίηση κωδικοποιήσεων διεθνών χαρακτήρων","href":"trml15220.html"},"trml11513":{"name":"Εκτέλεση σκριπτ AppleScript από το Τερματικό","href":"trml11513.html","unavailable":true},"trml35615":{"name":"Στην περίπτωση που το Τερματικό παράγει χαρακτηριστικό ήχο (μπιπ) ενώ πληκτρολογείτε","href":"trml35615.html","unavailable":true},"trml1019":{"name":"Αντιγραφή κειμένου σε παράθυρο Τερματικού","href":"trml1019.html","unavailable":true},"trml1003":{"name":"Αυτοματοποίηση εργασιών με χρήση AppleScript","href":"trml1003.html","unavailable":true},"trml104":{"searchName":"Εξαγωγή ρυθμίσεων του Τερματικού","unavailable":true,"name":"Εξαγωγή ρυθμίσεων προφίλ","href":"trml104.html"},"trml1032":{"searchName":"Ενεργοποίηση κωδικοποιήσεων διεθνών χαρακτήρων στο Τερματικό","unavailable":true,"name":"Ενεργοποίηση κωδικοποιήσεων διεθνών χαρακτήρων","href":"trml1032.html"},"trml15652":{"searchName":"Άνοιγμα ομάδας παραθύρων για το Τερματικό αυτόματα","unavailable":true,"name":"Άνοιγμα ομάδας παραθύρων αυτόματα","href":"trml15652.html"},"trml109":{"searchName":"Αποτροπή ανεπιθύμητης ανίχνευσης πληκτρολόγησης στο Τερματικό","unavailable":true,"name":"Αποτροπή ανεπιθύμητης ανίχνευσης πληκτρολόγησης","href":"trml109.html"},"trml15226":{"searchName":"Αλλαγή δρομέα στο Τερματικό","unavailable":true,"name":"Αλλαγή δρομέα","href":"trml15226.html"},"trml113":{"searchName":"Αλλαγή προεπιλογών παραθύρου κελύφους του Τερματικού","unavailable":true,"name":"Αλλαγή προεπιλογών παραθύρου κελύφους","href":"trml113.html"},"trmltxt":{"name":"Τμήμα «Κείμενο» στις προτιμήσεις Προφίλ","href":"trmltxt.html","unavailable":true},"trml103":{"searchName":"Εμφάνιση χαρακτήρων υψηλού αριθμού bit στο Τερματικό","unavailable":true,"name":"Εμφάνιση χαρακτήρων υψηλού αριθμού bit","href":"trml103.html"},"trmlshll":{"name":"Τμήμα «Κέλυφος» στις προτιμήσεις Προφίλ","href":"trmlshll.html","unavailable":true},"trml1018":{"searchName":"Σύνδεση με διακομιστές στο Τερματικό","unavailable":true,"name":"Σύνδεση με διακομιστές","href":"trml1018.html"},"trml1002":{"searchName":"Επανάληψη εντολών που εισήχθηκαν προηγουμένως στο Τερματικό","unavailable":true,"name":"Επανάληψη εντολών που εισήχθηκαν προηγουμένως","href":"trml1002.html"},"trml108":{"searchName":"Δημιουργία προσαρμοσμένων πλήκτρων λειτουργιών στο Τερματικό","unavailable":true,"name":"Δημιουργία προσαρμοσμένων πλήκτρων λειτουργιών","href":"trml108.html"},"trmlshtcts":{"searchName":"Συντομεύσεις πληκτρολογίου για το Τερματικό","unavailable":true,"name":"Συντομεύσεις πληκτρολογίου","href":"trmlshtcts.html"},"trml1034":{"searchName":"Εισαγωγή αρχείου ρυθμίσεων του Τερματικού","unavailable":true,"name":"Εισαγωγή αρχείου ρυθμίσεων","href":"trml1034.html"},"trml11412":{"name":"Επισκόπηση του Τερματικού","href":"trml11412.html","unavailable":true},"trmlwrkspc":{"name":"Τμήμα «Ομάδες παραθύρων» των προτιμήσεων για το Τερματικό","href":"trmlwrkspc.html","unavailable":true},"trml15233":{"searchName":"Τροποποίηση της ποσότητας κειμένου που διατηρείται σε ένα παράθυρο για το Τερματικό","unavailable":true,"name":"Περιορισμός του αριθμού των σειρών που διατηρούνται σε μια συνεδρία","href":"trml15233.html"},"trmlencd":{"name":"Τμήμα «Κωδικοποιήσεις» των προτιμήσεων για το Τερματικό","href":"trmlencd.html","unavailable":true}},"copyright_text":"© 2015 Apple Inc. Με επιφύλαξη κάθε δικαιώματος.","css":""}