{"framework":"apd-framework-9.0.8","title":"터미널 도움말","build_id":"556a95c2680ce24d354b25c0","icon":"..\/GlobalArt\/AppIconDefault_Terminal.png","sections":{"trml2d2340ac":{"name":"환경설정 구성하기","children":["trml107","trml1036","trml20912","trml113","trml15233"]},"trml2a13d2ad":{"name":"터미널 윈도우에서 작업하기","children":["trml1002","trml1001","trml106"]},"trml6dee242c":{"name":"자동화 및 스크립트 사용하기","children":["trml15652","trml108","trml1020","trml11513","trml1003"]}},"birdseed_version":4,"toc":["trml11412","trml2a13d2ad","trml2d2340ac","trml6dee242c","trmlshtcts"],"locale":"ko","version":"10.11","enable_tracking":false,"source_schema":"apd-schema","platform":"mac","build_date":"2015.05.30-23:52:15","landing":"trml35501","product":"terminal","urls":{},"copyright":"","topics":{"trml1031":{"name":"터미널 윈도우에서 탭 생성하기","href":"trml1031.html","unavailable":true},"trml107":{"name":"터미널 윈도우의 모양새 변경하기","href":"trml107.html","unavailable":true},"trmladvn":{"name":"프로파일 환경설정의 고급 패널","href":"trmladvn.html","unavailable":true},"trml1036":{"searchName":"터미널에서 텍스트의 모양새 변경하기","unavailable":true,"name":"텍스트의 모양새 변경하기","href":"trml1036.html"},"trmlkbrd":{"name":"프로파일 환경설정의 키보드 패널","href":"trmlkbrd.html","unavailable":true},"trml1020":{"name":"OS X 손쉬운 사용 기능 사용하기","href":"trml1020.html","unavailable":true},"trmlwindw":{"name":"프로파일 환경설정의 윈도우 패널","href":"trmlwindw.html","unavailable":true},"trml15228":{"name":"터미널 윈도우에 나타나는 제목 변경하기","href":"trml15228.html","unavailable":true},"trmlstrtup":{"name":"터미널 환경설정의 일반 패널","href":"trmlstrtup.html","unavailable":true},"trml11512":{"searchName":"터미널에서 최근에 사용한 명령 편집하기","unavailable":true,"name":"이전에 사용한 명령 편집하기","href":"trml11512.html"},"trml20912":{"searchName":"터미널에서 오디오 또는 시각 경고 설정하기","unavailable":true,"name":"오디오 또는 시각 경고 설정하기","href":"trml20912.html"},"trml1001":{"searchName":"터미널에서 입력 오류 교정하기","unavailable":true,"name":"입력 오류 교정하기","href":"trml1001.html"},"trml106":{"name":"터미널에 파일을 드래그하여 경로 지정하기","href":"trml106.html","unavailable":true},"trml35501":{"icon":"..\/GlobalArt\/AppLanding_Terminal.png","categories":["landing"],"name":"터미널 도움말","href":"trml35501.html"},"trmltab":{"name":"프로파일 환경설정의 탭 패널","href":"trmltab.html","unavailable":true},"trml15220":{"searchName":"터미널에서 다국어 문자 인코딩 활성화하기","unavailable":true,"name":"다국어 문자 인코딩 활성화하기","href":"trml15220.html"},"trml11513":{"name":"터미널에서 AppleScript 스크립트 실행하기","href":"trml11513.html","unavailable":true},"trml35615":{"name":"입력할 때마다 터미널에서 경고음이 납니다","href":"trml35615.html","unavailable":true},"trml1019":{"name":"터미널 윈도우에 텍스트 복사하기","href":"trml1019.html","unavailable":true},"trml1003":{"name":"AppleScript를 사용하여 작업 자동화하기","href":"trml1003.html","unavailable":true},"trml104":{"searchName":"터미널 설정 보내기","unavailable":true,"name":"프로파일 설정 보내기","href":"trml104.html"},"trml1032":{"searchName":"터미널에서 다국어 문자 인코딩 활성화하기","unavailable":true,"name":"다국어 문자 인코딩 활성화하기","href":"trml1032.html"},"trml15652":{"searchName":"터미널 윈도우 그룹 자동으로 열기","unavailable":true,"name":"윈도우 그룹 자동으로 열기","href":"trml15652.html"},"trml109":{"name":"원하지 않는 키 입력 감지 방지하기","href":"trml109.html","unavailable":true},"trml15226":{"searchName":"터미널에서 커서 변경하기","unavailable":true,"name":"커서 변경하기","href":"trml15226.html"},"trml113":{"searchName":"터미널 셸 윈도우 기본값 변경하기","unavailable":true,"name":"셸 윈도우 기본값 변경하기","href":"trml113.html"},"trmltxt":{"name":"프로파일 환경설정의 텍스트 패널","href":"trmltxt.html","unavailable":true},"trml103":{"searchName":"터미널에서 높은 비트 문자 표시하기","unavailable":true,"name":"높은 비트 문자 표시하기","href":"trml103.html"},"trmlshll":{"name":"프로파일 환경설정의 셸 패널","href":"trmlshll.html","unavailable":true},"trml1018":{"searchName":"터미널을 사용하여 서버에 연결하기","unavailable":true,"name":"서버에 연결하기","href":"trml1018.html"},"trml1002":{"searchName":"터미널에서 이전에 입력한 명령 반복하기","unavailable":true,"name":"이전에 입력한 명령 반복하기","href":"trml1002.html"},"trml108":{"searchName":"터미널에서 사용자 설정 기능 키 생성하기","unavailable":true,"name":"사용자 설정 기능 키 생성하기","href":"trml108.html"},"trmlshtcts":{"searchName":"터미널 키보드 단축키","unavailable":true,"name":"키보드 단축키","href":"trmlshtcts.html"},"trml1034":{"searchName":"터미널 설정 파일 가져오기","unavailable":true,"name":"설정 파일 가져오기","href":"trml1034.html"},"trml11412":{"name":"터미널 개요","href":"trml11412.html","unavailable":true},"trmlwrkspc":{"name":"터미널 환경설정의 윈도우 그룹 패널","href":"trmlwrkspc.html","unavailable":true},"trml15233":{"searchName":"터미널 윈도우의 텍스트 양 변경하기","unavailable":true,"name":"하나의 세션에서 유지되는 행의 수 제한하기","href":"trml15233.html"},"trmlencd":{"name":"터미널 환경설정의 인코딩 패널","href":"trmlencd.html","unavailable":true}},"copyright_text":"© 2015 Apple Inc. 모든 권리 보유.","css":""}