{"framework":"apd-framework-9.0.8","title":"Довідка Термінала","build_id":"556a95c5680ce24d354b25e4","icon":"..\/GlobalArt\/AppIconDefault_Terminal.png","sections":{"trml2d2340ac":{"name":"Настроювання параметрів","children":["trml107","trml1036","trml20912","trml113","trml15233"]},"trml2a13d2ad":{"name":"Робота у вікні Термінала","children":["trml1002","trml1001","trml106"]},"trml6dee242c":{"name":"Використання автоматизації та скриптів","children":["trml15652","trml108","trml1020","trml11513","trml1003"]}},"birdseed_version":4,"toc":["trml11412","trml2a13d2ad","trml2d2340ac","trml6dee242c","trmlshtcts"],"locale":"uk","version":"10.11","enable_tracking":false,"source_schema":"apd-schema","platform":"mac","build_date":"2015.05.30-23:50:43","landing":"trml35501","product":"terminal","urls":{},"copyright":"","topics":{"trml1031":{"name":"Створення вкладок у вікнах Термінала","href":"trml1031.html","unavailable":true},"trml107":{"name":"Змінення загального вигляду вікон Термінала","href":"trml107.html","unavailable":true},"trmladvn":{"name":"Панель «Експертні» в параметрах Профайлів","href":"trmladvn.html","unavailable":true},"trml1036":{"searchName":"Змінення вигляду тексту у Терміналі","unavailable":true,"name":"Змінення вигляду тексту","href":"trml1036.html"},"trmlkbrd":{"name":"Панель «Клавіатура» в параметрах Профайлів","href":"trmlkbrd.html","unavailable":true},"trml1020":{"name":"Використання спеціальних можливостей OS X","href":"trml1020.html","unavailable":true},"trmlwindw":{"name":"Панель «Вікно» в параметрах Профайлів","href":"trmlwindw.html","unavailable":true},"trml15228":{"name":"Змінення заголовка у вікні Термінала","href":"trml15228.html","unavailable":true},"trmlstrtup":{"name":"Панель «Загальні» у параметрах Термінала","href":"trmlstrtup.html","unavailable":true},"trml11512":{"searchName":"Редагування останніх використаних команд у Терміналі","unavailable":true,"name":"Редагування останніх використаних команд","href":"trml11512.html"},"trml20912":{"searchName":"Задання звукового або візуального попередження в Терміналі","unavailable":true,"name":"Задання звукового або візуального попередження","href":"trml20912.html"},"trml1001":{"searchName":"Виправлення помилок введення з клавіатури в Терміналі","unavailable":true,"name":"Виправлення помилок введення з клавіатури","href":"trml1001.html"},"trml106":{"name":"Перетягування файлів до Термінала для визначення шляхів","href":"trml106.html","unavailable":true},"trml35501":{"icon":"..\/GlobalArt\/AppLanding_Terminal.png","categories":["landing"],"name":"Довідка Термінала","href":"trml35501.html"},"trmltab":{"name":"Панель вкладок у параметрах Профайлів","href":"trmltab.html","unavailable":true},"trml15220":{"searchName":"Увімкнення міжнародних кодувань символів у Терміналі","unavailable":true,"name":"Увімкнення міжнародних кодувань символів","href":"trml15220.html"},"trml11513":{"name":"Виконання скриптів AppleScript із Термінала","href":"trml11513.html","unavailable":true},"trml35615":{"name":"Якщо Термінал подає звукові сигнали під час введення","href":"trml35615.html","unavailable":true},"trml1019":{"name":"Копіювання тексту у вікно Термінала","href":"trml1019.html","unavailable":true},"trml1003":{"name":"Автоматизація завдань за допомогою AppleScript","href":"trml1003.html","unavailable":true},"trml104":{"searchName":"Експортування параметрів Термінала","unavailable":true,"name":"Експортування параметрів профайла","href":"trml104.html"},"trml1032":{"searchName":"Активація міжнародних кодувань символів у Терміналі","unavailable":true,"name":"Активація міжнародних кодувань символів","href":"trml1032.html"},"trml15652":{"searchName":"Автоматичне відкривання групи вікон Термінала","unavailable":true,"name":"Автоматичне відкривання групи вікон","href":"trml15652.html"},"trml109":{"searchName":"Запобігання небажаному розпізнаванню натискання клавіш у Терміналі","unavailable":true,"name":"Запобігання небажаному розпізнаванню натискання клавіш","href":"trml109.html"},"trml15226":{"searchName":"Змінення курсора в Терміналі","unavailable":true,"name":"Змінення курсора","href":"trml15226.html"},"trml113":{"searchName":"Змінення стандартних параметрів вікна командного процесора Термінала","unavailable":true,"name":"Змінення стандартних параметрів вікна командного процесора","href":"trml113.html"},"trmltxt":{"name":"Панель «Текст» в параметрах Профайлів","href":"trmltxt.html","unavailable":true},"trml103":{"searchName":"Відображення символів із високорозрядними бітами в Терміналі","unavailable":true,"name":"Відображення символів із високорозрядними бітами","href":"trml103.html"},"trmlshll":{"name":"Панель «Командний процесор» в параметрах Профайлів","href":"trmlshll.html","unavailable":true},"trml1018":{"searchName":"Під’єднання до серверів у Терміналі","unavailable":true,"name":"Під’єднання до серверів","href":"trml1018.html"},"trml1002":{"searchName":"Повторення раніше введених команд у Терміналі","unavailable":true,"name":"Повторення раніше введених команд","href":"trml1002.html"},"trml108":{"searchName":"Створення власних функціональних клавіш для Термінала","unavailable":true,"name":"Створення власних функціональних клавіш","href":"trml108.html"},"trmlshtcts":{"searchName":"Клавіатурні скорочення Термінала","unavailable":true,"name":"Клавіатурні скорочення","href":"trmlshtcts.html"},"trml1034":{"searchName":"Імпортування файла параметрів Термінала","unavailable":true,"name":"Імпортування файла параметрів","href":"trml1034.html"},"trml11412":{"name":"Огляд Термінала","href":"trml11412.html","unavailable":true},"trmlwrkspc":{"name":"Панель «Групи вікон» у параметрах Термінала","href":"trmlwrkspc.html","unavailable":true},"trml15233":{"searchName":"Змінення обсягу тексту, що зберігається у вікні Термінала","unavailable":true,"name":"Обмеження кількості рядків, що зберігаються за сеанс","href":"trml15233.html"},"trmlencd":{"name":"Панель «Кодування» в параметрах Термінала","href":"trmlencd.html","unavailable":true}},"copyright_text":"© 2015, Apple Inc. Усі права захищені.","css":""}