{"framework":"apd-framework-9.0.8","title":"Aiuto Terminale","build_id":"556a95c1680ce24d354b25ae","icon":"..\/GlobalArt\/AppIconDefault_Terminal.png","sections":{"trml2d2340ac":{"name":"Impostare le preferenze","children":["trml107","trml1036","trml20912","trml113","trml15233"]},"trml2a13d2ad":{"name":"Lavorare nella finestra di Terminale","children":["trml1002","trml1001","trml106"]},"trml6dee242c":{"name":"Utilizzare l'automazione e gli script","children":["trml15652","trml108","trml1020","trml11513","trml1003"]}},"birdseed_version":4,"toc":["trml11412","trml2a13d2ad","trml2d2340ac","trml6dee242c","trmlshtcts"],"locale":"it","version":"10.11","enable_tracking":false,"source_schema":"apd-schema","platform":"mac","build_date":"2015.05.30-23:49:37","landing":"trml35501","product":"terminal","urls":{},"copyright":"","topics":{"trml1031":{"name":"Creare pannelli in una finestra di Terminale","href":"trml1031.html","unavailable":true},"trml107":{"name":"Modificare l'aspetto delle finestre di Terminale","href":"trml107.html","unavailable":true},"trmladvn":{"name":"Pannello Avanzate delle preferenze Profili","href":"trmladvn.html","unavailable":true},"trml1036":{"searchName":"Cambiare l'aspetto del testo in Terminale","unavailable":true,"name":"Cambiare l'aspetto del testo","href":"trml1036.html"},"trmlkbrd":{"name":"Pannello Tastiera delle preferenze Profili","href":"trmlkbrd.html","unavailable":true},"trml1020":{"name":"Utilizzare le funzionalità di accessibilità di OS X","href":"trml1020.html","unavailable":true},"trmlwindw":{"name":"Pannello Finestra delle preferenze Profili","href":"trmlwindw.html","unavailable":true},"trml15228":{"name":"Modificare il titolo mostrato in una finestra di Terminale","href":"trml15228.html","unavailable":true},"trmlstrtup":{"name":"Pannello Generali delle preferenze di Terminale","href":"trmlstrtup.html","unavailable":true},"trml11512":{"searchName":"Modificare i comandi utilizzati recentemente in Terminale","unavailable":true,"name":"Modificare i comandi utilizzati precedentemente","href":"trml11512.html"},"trml20912":{"searchName":"Impostare un avviso sonoro o visivo in Terminale","unavailable":true,"name":"Impostare un avviso sonoro o visivo","href":"trml20912.html"},"trml1001":{"searchName":"Correggere gli errori di battitura in Terminale","unavailable":true,"name":"Correggere gli errori di battitura","href":"trml1001.html"},"trml106":{"name":"Trascinare file su Terminale per specificare i percorsi","href":"trml106.html","unavailable":true},"trml35501":{"icon":"..\/GlobalArt\/AppLanding_Terminal.png","categories":["landing"],"name":"Aiuto Terminale","href":"trml35501.html"},"trmltab":{"name":"Pannello delle preferenze Profili","href":"trmltab.html","unavailable":true},"trml15220":{"searchName":"Abilitare le codifiche dei caratteri internazionali in Terminale","unavailable":true,"name":"Abilitare le codifiche dei caratteri internazionali","href":"trml15220.html"},"trml11513":{"name":"Eseguire script AppleScript da Terminale","href":"trml11513.html","unavailable":true},"trml35615":{"name":"Se Terminale emette un segnale acustico durante la digitazione","href":"trml35615.html","unavailable":true},"trml1019":{"name":"Copiare testo in una finestra Terminale","href":"trml1019.html","unavailable":true},"trml1003":{"name":"Automatizzare le operazioni utilizzando AppleScript","href":"trml1003.html","unavailable":true},"trml104":{"searchName":"Esportare le impostazioni di Terminale","unavailable":true,"name":"Esportare le impostazioni dei profili","href":"trml104.html"},"trml1032":{"searchName":"Attivare le codifiche dei caratteri internazionali in Terminale","unavailable":true,"name":"Attivare le codifiche dei caratteri internazionali","href":"trml1032.html"},"trml15652":{"searchName":"Aprire automaticamente un gruppo di finestre di Terminale","unavailable":true,"name":"Aprire automaticamente un gruppo di finestre","href":"trml15652.html"},"trml109":{"searchName":"Impedire il rilevamento di tasti indesiderati in Terminale","unavailable":true,"name":"Impedire il rilevamento di tasti indesiderati","href":"trml109.html"},"trml15226":{"searchName":"Cambiare il cursore in Terminale","unavailable":true,"name":"Cambiare il cursore","href":"trml15226.html"},"trml113":{"searchName":"Cambiare i default di una finestra di shell di Terminale","unavailable":true,"name":"Cambiare i default di una finestra di shell","href":"trml113.html"},"trmltxt":{"name":"Pannello Testo delle preferenze Profili","href":"trmltxt.html","unavailable":true},"trml103":{"searchName":"Visualizzare caratteri high-bit in Terminale","unavailable":true,"name":"Visualizzare caratteri high-bit","href":"trml103.html"},"trmlshll":{"name":"Pannello Shell delle preferenze Profili","href":"trmlshll.html","unavailable":true},"trml1018":{"searchName":"Collegarsi ai server in Terminale","unavailable":true,"name":"Collegarsi a un server","href":"trml1018.html"},"trml1002":{"searchName":"Ripetere comandi inseriti precedentemente in Terminale","unavailable":true,"name":"Ripetere comandi inseriti precedentemente","href":"trml1002.html"},"trml108":{"searchName":"Creare tasti funzione personalizzati in Terminale","unavailable":true,"name":"Creare tasti funzione personalizzati","href":"trml108.html"},"trmlshtcts":{"searchName":"Abbreviazioni da tastiera di Terminale","unavailable":true,"name":"Abbreviazioni da tastiera","href":"trmlshtcts.html"},"trml1034":{"searchName":"Importare un file di impostazioni di Terminale","unavailable":true,"name":"Importare un file di impostazioni","href":"trml1034.html"},"trml11412":{"name":"Panoramica su Terminale","href":"trml11412.html","unavailable":true},"trmlwrkspc":{"name":"Pannello Gruppi finestre delle preferenze di Terminale","href":"trmlwrkspc.html","unavailable":true},"trml15233":{"searchName":"Modificare la quantità di testo contenuto in una finestra di Terminale","unavailable":true,"name":"Limitare il numero di righe conservate in una sessione","href":"trml15233.html"},"trmlencd":{"name":"Pannello Codifiche delle preferenze di Terminale","href":"trmlencd.html","unavailable":true}},"copyright_text":"© 2015 Apple Inc. Tutti i diritti riservati.","css":""}