{"framework":"apd-framework-9.0.8","title":"Nápověda pro Terminál","build_id":"556a95be680ce24d354b258a","icon":"..\/GlobalArt\/AppIconDefault_Terminal.png","sections":{"trml2d2340ac":{"name":"Nastavení předvoleb","children":["trml107","trml1036","trml20912","trml113","trml15233"]},"trml2a13d2ad":{"name":"Práce v okně Terminálu","children":["trml1002","trml1001","trml106"]},"trml6dee242c":{"name":"Používání automatizace a skriptů","children":["trml15652","trml108","trml1020","trml11513","trml1003"]}},"birdseed_version":4,"toc":["trml11412","trml2a13d2ad","trml2d2340ac","trml6dee242c","trmlshtcts"],"locale":"cs","version":"10.11","enable_tracking":false,"source_schema":"apd-schema","platform":"mac","build_date":"2015.05.30-23:47:48","landing":"trml35501","product":"terminal","urls":{},"copyright":"","topics":{"trml1031":{"name":"Vytváření panelů v oknech Terminálu","href":"trml1031.html","unavailable":true},"trml107":{"name":"Změna vzhledu oken Terminálu","href":"trml107.html","unavailable":true},"trmladvn":{"name":"Panel Pokročilé v předvolbách Profily","href":"trmladvn.html","unavailable":true},"trml1036":{"searchName":"Změna vzhledu textu v Terminálu","unavailable":true,"name":"Změna vzhledu textu","href":"trml1036.html"},"trmlkbrd":{"name":"Panel Klávesnice v předvolbách Profily","href":"trmlkbrd.html","unavailable":true},"trml1020":{"name":"Použití funkcí zpřístupnění OS X","href":"trml1020.html","unavailable":true},"trmlwindw":{"name":"Panel Okno v předvolbách Profily","href":"trmlwindw.html","unavailable":true},"trml15228":{"name":"Změna názvu zobrazeného v okně Terminálu","href":"trml15228.html","unavailable":true},"trmlstrtup":{"name":"Panel Obecné v předvolbách Terminálu","href":"trmlstrtup.html","unavailable":true},"trml11512":{"searchName":"Úprava posledních použitých příkazů v Terminálu","unavailable":true,"name":"Úprava dříve použitých příkazů","href":"trml11512.html"},"trml20912":{"searchName":"Nastavení zvukového nebo vizuálního upozornění v Terminálu","unavailable":true,"name":"Nastavení zvukového nebo vizuálního upozornění","href":"trml20912.html"},"trml1001":{"searchName":"Opravování chyb při psaní v Terminálu","unavailable":true,"name":"Opravování chyb při psaní","href":"trml1001.html"},"trml106":{"name":"Určování cest přetahováním souborů do Terminálu","href":"trml106.html","unavailable":true},"trml35501":{"icon":"..\/GlobalArt\/AppLanding_Terminal.png","categories":["landing"],"name":"Nápověda pro Terminál","href":"trml35501.html"},"trmltab":{"name":"Panel Panel v předvolbách Profily","href":"trmltab.html","unavailable":true},"trml15220":{"searchName":"Zapnutí mezinárodních kódování znaků v Terminálu","unavailable":true,"name":"Zapnutí mezinárodních kódování znaků","href":"trml15220.html"},"trml11513":{"name":"Spouštění AppleScriptů z Terminálu","href":"trml11513.html","unavailable":true},"trml35615":{"name":"Pokud Terminál při psaní pípá","href":"trml35615.html","unavailable":true},"trml1019":{"name":"Kopírování textu do okna Terminálu","href":"trml1019.html","unavailable":true},"trml1003":{"name":"Automatizace úloh pomocí AppleScriptu","href":"trml1003.html","unavailable":true},"trml104":{"searchName":"Export nastavení Terminálu","unavailable":true,"name":"Export nastavení profilu","href":"trml104.html"},"trml1032":{"searchName":"Aktivace mezinárodních kódování znaků v Terminálu","unavailable":true,"name":"Aktivace mezinárodních kódování znaků","href":"trml1032.html"},"trml15652":{"searchName":"Automatické otevření skupiny oken Terminálu","unavailable":true,"name":"Automatické otevření skupiny oken","href":"trml15652.html"},"trml109":{"searchName":"Zabránění nechtěnému rozpoznávání stisků kláves v Terminálu","unavailable":true,"name":"Zabránění nechtěnému rozpoznávání stisků kláves","href":"trml109.html"},"trml15226":{"searchName":"Změna kurzoru v Terminálu","unavailable":true,"name":"Změna kurzoru","href":"trml15226.html"},"trml113":{"searchName":"Změna výchozích nastavení okna shellu Terminálu","unavailable":true,"name":"Změna výchozích nastavení okna shellu","href":"trml113.html"},"trmltxt":{"name":"Panel Text v předvolbách Profily","href":"trmltxt.html","unavailable":true},"trml103":{"searchName":"Zobrazení vícebitových znaků v Terminálu","unavailable":true,"name":"Zobrazení vícebitových znaků","href":"trml103.html"},"trmlshll":{"name":"Panel Shell v předvolbách Profily","href":"trmlshll.html","unavailable":true},"trml1018":{"searchName":"Připojení k serverům v Terminálu","unavailable":true,"name":"Připojení k serverům","href":"trml1018.html"},"trml1002":{"searchName":"Opakování dříve zadaných příkazů v Terminálu","unavailable":true,"name":"Opakování dříve zadaných příkazů","href":"trml1002.html"},"trml108":{"searchName":"Vytvoření vlastních funkčních kláves pro Terminál","unavailable":true,"name":"Vytvoření vlastních funkčních kláves","href":"trml108.html"},"trmlshtcts":{"searchName":"Klávesové zkratky Terminálu","unavailable":true,"name":"Klávesové zkratky","href":"trmlshtcts.html"},"trml1034":{"searchName":"Import souboru nastavení Terminálu","unavailable":true,"name":"Import souboru nastavení","href":"trml1034.html"},"trml11412":{"name":"Přehled Terminálu","href":"trml11412.html","unavailable":true},"trmlwrkspc":{"name":"Panel Skupiny oken v předvolbách Terminálu","href":"trmlwrkspc.html","unavailable":true},"trml15233":{"searchName":"Úprava množství textu uchovávaného v okně Terminálu","unavailable":true,"name":"Omezení počtu řádků uchovávaných v relaci","href":"trml15233.html"},"trmlencd":{"name":"Panel Kódování v předvolbách Terminálu","href":"trmlencd.html","unavailable":true}},"copyright_text":"© 2015 Apple Inc. Všechna práva vyhrazena.","css":""}