{"framework":"apd-framework-9.0.8","title":"Terminal Yardım","build_id":"556a95c3680ce24d354b25d2","icon":"..\/GlobalArt\/AppIconDefault_Terminal.png","sections":{"trml2d2340ac":{"name":"Tercihleri ayarlama","children":["trml107","trml1036","trml20912","trml113","trml15233"]},"trml2a13d2ad":{"name":"Terminal penceresinde çalışma","children":["trml1002","trml1001","trml106"]},"trml6dee242c":{"name":"Otomasyon ve betikleri kullanma","children":["trml15652","trml108","trml1020","trml11513","trml1003"]}},"birdseed_version":4,"toc":["trml11412","trml2a13d2ad","trml2d2340ac","trml6dee242c","trmlshtcts"],"locale":"tr","version":"10.11","enable_tracking":false,"source_schema":"apd-schema","platform":"mac","build_date":"2015.05.30-23:53:01","landing":"trml35501","product":"terminal","urls":{},"copyright":"","topics":{"trml1031":{"name":"Terminal pencerelerinde sekmeler yaratma","href":"trml1031.html","unavailable":true},"trml107":{"name":"Terminal pencerelerinin görünüşünü değiştirme","href":"trml107.html","unavailable":true},"trmladvn":{"name":"Profiller tercihlerinin İleri Düzey bölümü","href":"trmladvn.html","unavailable":true},"trml1036":{"searchName":"Terminalde metnin görünüşünü değiştirin","unavailable":true,"name":"Metnin görünüşünü değiştirme","href":"trml1036.html"},"trmlkbrd":{"name":"Profiller tercihlerinin Klavye bölümü","href":"trmlkbrd.html","unavailable":true},"trml1020":{"name":"OS X erişilebilirlik özelliklerini kullanma","href":"trml1020.html","unavailable":true},"trmlwindw":{"name":"Profiller tercihlerinin Pencere bölümü","href":"trmlwindw.html","unavailable":true},"trml15228":{"name":"Terminal penceresinde gösterilen başlığı değiştirme","href":"trml15228.html","unavailable":true},"trmlstrtup":{"name":"Terminal tercihlerinin Genel bölümü","href":"trmlstrtup.html","unavailable":true},"trml11512":{"searchName":"Terminal'de yakın zamanda kullanılan komutları düzenleyin","unavailable":true,"name":"Daha önce kullanılan komutları düzenleme","href":"trml11512.html"},"trml20912":{"searchName":"Terminal'de sesli veya görsel uyarı ayarlayın","unavailable":true,"name":"Sesli veya görsel uyarı ayarlama","href":"trml20912.html"},"trml1001":{"searchName":"Terminal'de yazım hatalarını düzeltin","unavailable":true,"name":"Yazım hatalarını düzeltme","href":"trml1001.html"},"trml106":{"name":"Yolları belirlemek için dosyaları Terminal'e sürükleme","href":"trml106.html","unavailable":true},"trml35501":{"icon":"..\/GlobalArt\/AppLanding_Terminal.png","categories":["landing"],"name":"Terminal Yardım","href":"trml35501.html"},"trmltab":{"name":"Profiller tercihlerinin sekme paneli","href":"trmltab.html","unavailable":true},"trml15220":{"searchName":"Terminal'de uluslararası karakter kodlamalarını etkinleştirin","unavailable":true,"name":"Uluslararası karakter kodlamalarını etkinleştirme","href":"trml15220.html"},"trml11513":{"name":"Terminal'de AppleScript betiklerini çalıştırma","href":"trml11513.html","unavailable":true},"trml35615":{"name":"Yazdığınız sırada Terminal ses çıkarırsa","href":"trml35615.html","unavailable":true},"trml1019":{"name":"Terminal penceresine metin kopyalama","href":"trml1019.html","unavailable":true},"trml1003":{"name":"AppleScript kullanarak görevleri otomatikleştirme","href":"trml1003.html","unavailable":true},"trml104":{"searchName":"Terminal ayarlarını dışa aktarın","unavailable":true,"name":"Profil ayarlarını dışa aktarma","href":"trml104.html"},"trml1032":{"searchName":"Terminal'de uluslararası karakter kodlamalarını etkinleştirin","unavailable":true,"name":"Uluslararası karakter kodlamalarını etkinleştirme","href":"trml1032.html"},"trml15652":{"searchName":"Terminal pencereleri grubunu otomatik olarak açın","unavailable":true,"name":"Pencere grubunu otomatik olarak açma","href":"trml15652.html"},"trml109":{"searchName":"Terminal'de tuş vuruşlarının istenmediğinde algılanmasını engelleyin","unavailable":true,"name":"Tuş vuruşlarının istenmediğinde algılanmasını engelleme","href":"trml109.html"},"trml15226":{"searchName":"Terminal'de imleci değiştirin","unavailable":true,"name":"İmleci değiştirme","href":"trml15226.html"},"trml113":{"searchName":"Terminal kabuk penceresi saptanmışlarını değiştirin","unavailable":true,"name":"Kabuk penceresi saptanmışlarını değiştirme","href":"trml113.html"},"trmltxt":{"name":"Profiller tercihlerinin Metin bölümü","href":"trmltxt.html","unavailable":true},"trml103":{"searchName":"Terminal'de yüksek bit karakterleri görüntüleyin","unavailable":true,"name":"Yüksek bit karakterleri görüntüleme","href":"trml103.html"},"trmlshll":{"name":"Profiller tercihlerinin Kabuk bölümü","href":"trmlshll.html","unavailable":true},"trml1018":{"searchName":"Terminal'de sunuculara bağlanın","unavailable":true,"name":"Sunuculara bağlanma","href":"trml1018.html"},"trml1002":{"searchName":"Terminal'de önceden girilen komutları yineleyin","unavailable":true,"name":"Önceden girilen komutları yineleme","href":"trml1002.html"},"trml108":{"searchName":"Terminal içinde özel işlev tuşları yaratın","unavailable":true,"name":"Özel işlev tuşları yaratma","href":"trml108.html"},"trmlshtcts":{"searchName":"Terminal klavye kestirmeleri","unavailable":true,"name":"Klavye kestirmeleri","href":"trmlshtcts.html"},"trml1034":{"searchName":"Terminal ayarlar dosyasını içe aktarın","unavailable":true,"name":"Ayarlar dosyasını içe aktarma","href":"trml1034.html"},"trml11412":{"name":"Terminal'e genel bakış","href":"trml11412.html","unavailable":true},"trmlwrkspc":{"name":"Terminal tercihlerinin Pencere Grupları bölümü","href":"trmlwrkspc.html","unavailable":true},"trml15233":{"searchName":"Terminal penceresinde tutulan metin miktarını değiştirin","unavailable":true,"name":"Oturumda tutulan satır sayısını sınırlama","href":"trml15233.html"},"trmlencd":{"name":"Terminal tercihlerinin Kodlamalar bölümü","href":"trmlencd.html","unavailable":true}},"copyright_text":"© 2015 Apple Inc. Tüm hakları saklıdır.","css":""}