{"framework":"apd-framework-9.0.8","title":"Pomoc Terminala","build_id":"556a95c8680ce24d354b2602","icon":"..\/GlobalArt\/AppIconDefault_Terminal.png","sections":{"trml2d2340ac":{"name":"Ustawianie preferencji","children":["trml107","trml1036","trml20912","trml113","trml15233"]},"trml2a13d2ad":{"name":"Praca w oknie Terminala","children":["trml1002","trml1001","trml106"]},"trml6dee242c":{"name":"Korzystanie z automatyzacji oraz skryptów","children":["trml15652","trml108","trml1020","trml11513","trml1003"]}},"birdseed_version":4,"toc":["trml11412","trml2a13d2ad","trml2d2340ac","trml6dee242c","trmlshtcts"],"locale":"pl","version":"10.11","enable_tracking":false,"source_schema":"apd-schema","platform":"mac","build_date":"2015.05.30-23:53:25","landing":"trml35501","product":"terminal","urls":{},"copyright":"","topics":{"trml1031":{"name":"Tworzenie kart w oknach Terminala","href":"trml1031.html","unavailable":true},"trml107":{"name":"Zmiana wyglądu okien Terminala","href":"trml107.html","unavailable":true},"trmladvn":{"name":"Panel Zaawansowane w preferencjach Profili","href":"trmladvn.html","unavailable":true},"trml1036":{"searchName":"Zmiana wyglądu tekstu w Terminalu","unavailable":true,"name":"Zmiana wyglądu tekstu","href":"trml1036.html"},"trmlkbrd":{"name":"Panel Klawiatura w preferencjach Profile","href":"trmlkbrd.html","unavailable":true},"trml1020":{"name":"Korzystanie z funkcji ułatwień dostępu OS X","href":"trml1020.html","unavailable":true},"trmlwindw":{"name":"Panel Okno w preferencjach Profili","href":"trmlwindw.html","unavailable":true},"trml15228":{"name":"Zmiana tytułu okna Terminala","href":"trml15228.html","unavailable":true},"trmlstrtup":{"name":"Panel Ogólne w preferencjach Terminala","href":"trmlstrtup.html","unavailable":true},"trml11512":{"searchName":"Edycja ostatnio używanych poleceń w Terminalu","unavailable":true,"name":"Edycja ostatnio używanych poleceń","href":"trml11512.html"},"trml20912":{"searchName":"Ustawianie komunikatów dźwiękowych i wizualnych w Terminalu","unavailable":true,"name":"Ustawianie komunikatów dźwiękowych i wizualnych","href":"trml20912.html"},"trml1001":{"searchName":"Poprawianie popełnionych w Terminalu błędów","unavailable":true,"name":"Poprawianie popełnionych błędów","href":"trml1001.html"},"trml106":{"name":"Podawanie ścieżki dostępu do pliku przez przeciągnięcie do Terminala","href":"trml106.html","unavailable":true},"trml35501":{"icon":"..\/GlobalArt\/AppLanding_Terminal.png","categories":["landing"],"name":"Pomoc Terminala","href":"trml35501.html"},"trmltab":{"name":"Panel Karta w preferencjach Profili","href":"trmltab.html","unavailable":true},"trml15220":{"searchName":"Włączanie kodowania znaków narodowych w Terminalu","unavailable":true,"name":"Włączanie kodowania znaków narodowych","href":"trml15220.html"},"trml11513":{"name":"Uruchamianie skryptów AppleScript z Terminala","href":"trml11513.html","unavailable":true},"trml35615":{"name":"Gdy Terminal wydaje pojedyncze dźwięki podczas pisania","href":"trml35615.html","unavailable":true},"trml1019":{"name":"Kopiowanie tekstu do okna Terminala","href":"trml1019.html","unavailable":true},"trml1003":{"name":"Automatyzowanie zadań za pomocą AppleScript","href":"trml1003.html","unavailable":true},"trml104":{"searchName":"Eksportowanie ustawień Terminala","unavailable":true,"name":"Eksportowanie profilu z ustawieniami","href":"trml104.html"},"trml1032":{"searchName":"Aktywowanie kodowania znaków narodowych w Terminalu","unavailable":true,"name":"Aktywowanie kodowania znaków narodowych","href":"trml1032.html"},"trml15652":{"searchName":"Automatyczne otwieranie grupy okien Terminala","unavailable":true,"name":"Automatyczne otwieranie grupy okien","href":"trml15652.html"},"trml109":{"searchName":"Zapobieganie niepożądanemu wykrywaniu wciśniętych klawiszy w Terminalu.","unavailable":true,"name":"Zapobieganie niepożądanemu wykrywaniu wciśniętych klawiszy","href":"trml109.html"},"trml15226":{"searchName":"Zmiana kursora w programie Terminal","unavailable":true,"name":"Zmiana kursora","href":"trml15226.html"},"trml113":{"searchName":"Zmiana ustawień domyślnych powłoki Terminala","unavailable":true,"name":"Zmiana ustawień domyślnych powłoki","href":"trml113.html"},"trmltxt":{"name":"Panel Tekst w preferencjach Profili","href":"trmltxt.html","unavailable":true},"trml103":{"searchName":"Wyświetlanie znaków wysokobitowych w Terminalu","unavailable":true,"name":"Wyświetlanie znaków wysokobitowych","href":"trml103.html"},"trmlshll":{"name":"Panel Powłoka w preferencjach Profili","href":"trmlshll.html","unavailable":true},"trml1018":{"searchName":"Połączenia z serwerami w Terminalu","unavailable":true,"name":"Połączenia z serwerami","href":"trml1018.html"},"trml1002":{"searchName":"Powtarzanie wcześniej wpisanych w Terminalu poleceń","unavailable":true,"name":"Powtarzanie wcześniej wpisanych poleceń","href":"trml1002.html"},"trml108":{"searchName":"Tworzenie własnych klawiszy funkcyjnych w Terminalu","unavailable":true,"name":"Tworzenie własnych klawiszy funkcyjnych","href":"trml108.html"},"trmlshtcts":{"searchName":"Skróty klawiszowe Terminala","unavailable":true,"name":"Skróty klawiszowe","href":"trmlshtcts.html"},"trml1034":{"searchName":"Importowanie pliku ustawień Terminala","unavailable":true,"name":"Importowanie pliku ustawień","href":"trml1034.html"},"trml11412":{"name":"Terminal — przegląd","href":"trml11412.html","unavailable":true},"trmlwrkspc":{"name":"Panel z preferencjami grup okien w Terminalu","href":"trmlwrkspc.html","unavailable":true},"trml15233":{"searchName":"Zmiana ilości tekstu utrzymywanego w oknie Terminala","unavailable":true,"name":"Ograniczanie liczby wierszy utrzymywanych w sesji","href":"trml15233.html"},"trmlencd":{"name":"Panel z preferencjami kodowania w Terminalu","href":"trmlencd.html","unavailable":true}},"copyright_text":"© 2015 Apple Inc. Wszystkie prawa zastrzeżone.","css":""}