{"framework":"apd-framework-9.0.8","title":"Ajuda Terminal","build_id":"556a95c6680ce24d354b25f0","icon":"..\/GlobalArt\/AppIconDefault_Terminal.png","sections":{"trml2d2340ac":{"name":"Defina preferências","children":["trml107","trml1036","trml20912","trml113","trml15233"]},"trml2a13d2ad":{"name":"Trabalhe na janela do Terminal","children":["trml1002","trml1001","trml106"]},"trml6dee242c":{"name":"Use automação e scripts","children":["trml15652","trml108","trml1020","trml11513","trml1003"]}},"birdseed_version":4,"toc":["trml11412","trml2a13d2ad","trml2d2340ac","trml6dee242c","trmlshtcts"],"locale":"pt-br","version":"10.11","enable_tracking":false,"source_schema":"apd-schema","platform":"mac","build_date":"2015.05.30-23:53:10","landing":"trml35501","product":"terminal","urls":{},"copyright":"","topics":{"trml1031":{"name":"Como criar abas em janelas do Terminal","href":"trml1031.html","unavailable":true},"trml107":{"name":"Altere a aparência das janelas do Terminal","href":"trml107.html","unavailable":true},"trmladvn":{"name":"Painel Avançado das preferências Perfis","href":"trmladvn.html","unavailable":true},"trml1036":{"searchName":"Altere a aparência do texto no Terminal","unavailable":true,"name":"Altere a aparência do texto","href":"trml1036.html"},"trmlkbrd":{"name":"Painel Teclado das preferências Perfis","href":"trmlkbrd.html","unavailable":true},"trml1020":{"name":"Use os recursos de acessibilidade do OS X","href":"trml1020.html","unavailable":true},"trmlwindw":{"name":"Painel Janela das preferências Perfis","href":"trmlwindw.html","unavailable":true},"trml15228":{"name":"Como alterar o título em uma janela do Terminal","href":"trml15228.html","unavailable":true},"trmlstrtup":{"name":"Painel Geral nas preferências do Terminal","href":"trmlstrtup.html","unavailable":true},"trml11512":{"searchName":"Edite comandos usados recentemente no Terminal","unavailable":true,"name":"Como editar comandos usados anteriormente","href":"trml11512.html"},"trml20912":{"searchName":"Defina um aviso de áudio ou visual no Terminal","unavailable":true,"name":"Defina um aviso de áudio ou visual","href":"trml20912.html"},"trml1001":{"searchName":"Corrija erros de digitação no Terminal","unavailable":true,"name":"Corrija erros de digitação","href":"trml1001.html"},"trml106":{"name":"Arraste arquivos para o Terminal para especificar caminhos","href":"trml106.html","unavailable":true},"trml35501":{"icon":"..\/GlobalArt\/AppLanding_Terminal.png","categories":["landing"],"name":"Ajuda Terminal","href":"trml35501.html"},"trmltab":{"name":"Painel Aba das preferências Perfis","href":"trmltab.html","unavailable":true},"trml15220":{"searchName":"Ative codificações de caracteres internacionais no Terminal","unavailable":true,"name":"Ative codificações de caracteres internacionais","href":"trml15220.html"},"trml11513":{"name":"Execute scripts AppleScript no Terminal","href":"trml11513.html","unavailable":true},"trml35615":{"name":"Caso o Terminal emita sons enquanto você digita","href":"trml35615.html","unavailable":true},"trml1019":{"name":"Como copiar texto para uma janela do Terminal","href":"trml1019.html","unavailable":true},"trml1003":{"name":"Automatize tarefas usando AppleScript","href":"trml1003.html","unavailable":true},"trml104":{"searchName":"Exporte os ajustes do Terminal","unavailable":true,"name":"Como exportar ajustes de perfis","href":"trml104.html"},"trml1032":{"searchName":"Ative codificações de caracteres internacionais no Terminal","unavailable":true,"name":"Ative codificações de caracteres internacionais","href":"trml1032.html"},"trml15652":{"searchName":"Abra um grupo de janelas do Terminal automaticamente","unavailable":true,"name":"Abra um grupo de janelas automaticamente","href":"trml15652.html"},"trml109":{"searchName":"Impeça a detecção indesejada de toques no Terminal","unavailable":true,"name":"Impeça a detecção indesejada de toques","href":"trml109.html"},"trml15226":{"searchName":"Altere o cursor no Terminal","unavailable":true,"name":"Altere o cursor","href":"trml15226.html"},"trml113":{"searchName":"Altere os padrões da janela de shell do Terminal","unavailable":true,"name":"Altere os padrões da janela de shell","href":"trml113.html"},"trmltxt":{"name":"Painel Texto das preferências Perfis","href":"trmltxt.html","unavailable":true},"trml103":{"searchName":"Exiba caracteres com muitos bits no Terminal","unavailable":true,"name":"Exiba caracteres com muitos bits","href":"trml103.html"},"trmlshll":{"name":"Painel Shell das preferências Perfis","href":"trmlshll.html","unavailable":true},"trml1018":{"searchName":"Conecte a um servidor no Terminal","unavailable":true,"name":"Conecte a um servidor","href":"trml1018.html"},"trml1002":{"searchName":"Repita comandos digitados anteriormente no Terminal","unavailable":true,"name":"Repita comandos digitados anteriormente","href":"trml1002.html"},"trml108":{"searchName":"Crie teclas de função personalizadas no Terminal","unavailable":true,"name":"Crie teclas de função personalizadas","href":"trml108.html"},"trmlshtcts":{"searchName":"Atalhos de teclado do Terminal","unavailable":true,"name":"Atalhos de Teclado","href":"trmlshtcts.html"},"trml1034":{"searchName":"Importe um arquivo de ajustes do Terminal","unavailable":true,"name":"Importe um arquivo de ajustes","href":"trml1034.html"},"trml11412":{"name":"Visão geral do Terminal","href":"trml11412.html","unavailable":true},"trmlwrkspc":{"name":"Painel Grupos de Janelas nas preferências do Terminal","href":"trmlwrkspc.html","unavailable":true},"trml15233":{"searchName":"Modifique a quantidade de texto mantido em uma janela do Terminal","unavailable":true,"name":"Limite o número de linhas mantido em uma sessão","href":"trml15233.html"},"trmlencd":{"name":"Painel Codificações nas preferências do Terminal","href":"trmlencd.html","unavailable":true}},"copyright_text":"© 2015 Apple Inc. Todos os direitos reservados.","css":""}