{"framework":"apd-framework-9.0.8","title":"Terminal Hjälp","build_id":"556a95c1680ce24d354b25b4","icon":"..\/GlobalArt\/AppIconDefault_Terminal.png","sections":{"trml2d2340ac":{"name":"Ange inställningar","children":["trml107","trml1036","trml20912","trml113","trml15233"]},"trml2a13d2ad":{"name":"Arbeta i Terminal-fönstret","children":["trml1002","trml1001","trml106"]},"trml6dee242c":{"name":"Använd automatisering och skript","children":["trml15652","trml108","trml1020","trml11513","trml1003"]}},"birdseed_version":4,"toc":["trml11412","trml2a13d2ad","trml2d2340ac","trml6dee242c","trmlshtcts"],"locale":"sv","version":"10.11","enable_tracking":false,"source_schema":"apd-schema","platform":"mac","build_date":"2015.05.30-23:52:54","landing":"trml35501","product":"terminal","urls":{},"copyright":"","topics":{"trml1031":{"name":"Skapa flikar i ett Terminal-fönster","href":"trml1031.html","unavailable":true},"trml107":{"name":"Ändra utseende på Terminal-fönster","href":"trml107.html","unavailable":true},"trmladvn":{"name":"Panelen Avancerat under Profiler","href":"trmladvn.html","unavailable":true},"trml1036":{"searchName":"Ändra utseende på text i Terminal","unavailable":true,"name":"Ändra utseende på text","href":"trml1036.html"},"trmlkbrd":{"name":"Panelen Tangentbord under Profiler","href":"trmlkbrd.html","unavailable":true},"trml1020":{"name":"Använda hjälpmedelsfunktioner i OS X","href":"trml1020.html","unavailable":true},"trmlwindw":{"name":"Panelen Fönster under Profiler","href":"trmlwindw.html","unavailable":true},"trml15228":{"name":"Ändra titeln som visas i ett Terminal-fönster","href":"trml15228.html","unavailable":true},"trmlstrtup":{"name":"Panelen Allmänt i Terminal-inställningarna","href":"trmlstrtup.html","unavailable":true},"trml11512":{"searchName":"Redigera nyligen använda kommandon i Terminal","unavailable":true,"name":"Redigera tidigare använda kommandon","href":"trml11512.html"},"trml20912":{"searchName":"Ställ in en ljudvarning eller en visuell varning i Terminal","unavailable":true,"name":"Ställ in en ljudvarning eller en visuell varning","href":"trml20912.html"},"trml1001":{"searchName":"Rätta skrivfel i Terminal","unavailable":true,"name":"Rätta skrivfel","href":"trml1001.html"},"trml106":{"name":"Dra filer till Terminal för att ange sökvägar","href":"trml106.html","unavailable":true},"trml35501":{"icon":"..\/GlobalArt\/AppLanding_Terminal.png","categories":["landing"],"name":"Terminal Hjälp","href":"trml35501.html"},"trmltab":{"name":"Flikpanel under Profiler","href":"trmltab.html","unavailable":true},"trml15220":{"searchName":"Aktivera internationella teckenkodningar i Terminal","unavailable":true,"name":"Aktivera internationella teckenkodningar","href":"trml15220.html"},"trml11513":{"name":"Kör AppleScript-skript från Terminal","href":"trml11513.html","unavailable":true},"trml35615":{"name":"Om Terminal piper medan du skriver","href":"trml35615.html","unavailable":true},"trml1019":{"name":"Kopiera text till ett Terminal-fönster","href":"trml1019.html","unavailable":true},"trml1003":{"name":"Automatisera åtgärder med AppleScript","href":"trml1003.html","unavailable":true},"trml104":{"searchName":"Exportera Terminal-inställningar","unavailable":true,"name":"Exportera profilinställningar","href":"trml104.html"},"trml1032":{"searchName":"Aktivera internationella teckenkodningar i Terminal","unavailable":true,"name":"Aktivera internationella teckenkodningar","href":"trml1032.html"},"trml15652":{"searchName":"Öppna en grupp Terminal-fönster automatiskt","unavailable":true,"name":"Öppna en grupp fönster automatiskt","href":"trml15652.html"},"trml109":{"searchName":"Förhindra oönskad avkänning av tangenttryckningar i Terminal","unavailable":true,"name":"Förhindra oönskad avkänning av tangenttryckningar","href":"trml109.html"},"trml15226":{"searchName":"Ändra markören i Terminal","unavailable":true,"name":"Ändra markören","href":"trml15226.html"},"trml113":{"searchName":"Ändra förval för Terminal-kommandotolken","unavailable":true,"name":"Ändra förval för kommandotolken","href":"trml113.html"},"trmltxt":{"name":"Panelen Text under Profiler","href":"trmltxt.html","unavailable":true},"trml103":{"searchName":"Visa specialtecken i Terminal","unavailable":true,"name":"Visa specialtecken","href":"trml103.html"},"trmlshll":{"name":"Panelen Kommandotolk under Profiler","href":"trmlshll.html","unavailable":true},"trml1018":{"searchName":"Anslut till servrar med Terminal","unavailable":true,"name":"Anslut till servrar","href":"trml1018.html"},"trml1002":{"searchName":"Upprepa tidigare kommandon i Terminal","unavailable":true,"name":"Upprepa tidigare kommandon","href":"trml1002.html"},"trml108":{"searchName":"Skapa anpassade funktionstangenter i Terminal","unavailable":true,"name":"Skapa anpassade funktionstangenter","href":"trml108.html"},"trmlshtcts":{"searchName":"Kortkommandon i Terminal","unavailable":true,"name":"Kortkommandon","href":"trmlshtcts.html"},"trml1034":{"searchName":"Importera en Terminal-inställningsfil","unavailable":true,"name":"Importera en inställningsfil","href":"trml1034.html"},"trml11412":{"name":"Terminal - Översikt","href":"trml11412.html","unavailable":true},"trmlwrkspc":{"name":"Panelen Fönstergrupper i Terminal-inställningarna","href":"trmlwrkspc.html","unavailable":true},"trml15233":{"searchName":"Ändra hur mycket text som behålls i ett terminalfönster","unavailable":true,"name":"Begränsa antalet rader som behålls i en session","href":"trml15233.html"},"trmlencd":{"name":"Panelen Kodningar i Terminal-inställningarna","href":"trmlencd.html","unavailable":true}},"copyright_text":"© 2015 Apple Inc. Alla rättigheter förbehålls.","css":""}