{"framework":"apd-framework-9.0.8","title":"Pomocník pre Terminál","build_id":"556a95c0680ce24d354b25a8","icon":"..\/GlobalArt\/AppIconDefault_Terminal.png","sections":{"trml2d2340ac":{"name":"Nastavenie nastavení","children":["trml107","trml1036","trml20912","trml113","trml15233"]},"trml2a13d2ad":{"name":"Práca v okne terminálu","children":["trml1002","trml1001","trml106"]},"trml6dee242c":{"name":"Používanie automatizácie a skriptov","children":["trml15652","trml108","trml1020","trml11513","trml1003"]}},"birdseed_version":4,"toc":["trml11412","trml2a13d2ad","trml2d2340ac","trml6dee242c","trmlshtcts"],"locale":"sk","version":"10.11","enable_tracking":false,"source_schema":"apd-schema","platform":"mac","build_date":"2015.05.30-23:50:14","landing":"trml35501","product":"terminal","urls":{},"copyright":"","topics":{"trml1031":{"name":"Vytváranie tabov v oknách aplikácie Terminál","href":"trml1031.html","unavailable":true},"trml107":{"name":"Zmena vzhľadu okien terminálu","href":"trml107.html","unavailable":true},"trmladvn":{"name":"Panel Rozšírené v nastaveniach Profily","href":"trmladvn.html","unavailable":true},"trml1036":{"searchName":"Zmena vzhľadu textu v termináli","unavailable":true,"name":"Zmena vzhľadu textu","href":"trml1036.html"},"trmlkbrd":{"name":"Panel Klávesnica v nastaveniach Profily","href":"trmlkbrd.html","unavailable":true},"trml1020":{"name":"Používanie funkcií prístupnosti v systéme OS X","href":"trml1020.html","unavailable":true},"trmlwindw":{"name":"Panel Okno v nastaveniach Profily","href":"trmlwindw.html","unavailable":true},"trml15228":{"name":"Zmena názvu zobrazeného v okne aplikácie Terminál","href":"trml15228.html","unavailable":true},"trmlstrtup":{"name":"Panel Všeobecné v nastaveniach aplikácie Terminál","href":"trmlstrtup.html","unavailable":true},"trml11512":{"searchName":"Úprava naposledy použitých príkazov v termináli","unavailable":true,"name":"Úprava nedávno použitých príkazov","href":"trml11512.html"},"trml20912":{"searchName":"Nastaviť zvukové alebo vizuálne upozornenie v Termináli","unavailable":true,"name":"Nastavenie zvukových alebo vizuálnych upozornení","href":"trml20912.html"},"trml1001":{"searchName":"Oprava preklepov v termináli","unavailable":true,"name":"Oprava preklepov","href":"trml1001.html"},"trml106":{"name":"Špecifikovanie cesty potiahnutím súborov do Terminálu","href":"trml106.html","unavailable":true},"trml35501":{"icon":"..\/GlobalArt\/AppLanding_Terminal.png","categories":["landing"],"name":"Pomocník pre Terminál","href":"trml35501.html"},"trmltab":{"name":"Panel Tab v nastaveniach Profily","href":"trmltab.html","unavailable":true},"trml15220":{"searchName":"Povolenie kódovania medzinárodných znakov v termináli","unavailable":true,"name":"Povolenie kódovania medzinárodných znakov","href":"trml15220.html"},"trml11513":{"name":"Spúšťanie skriptov AppleScript z terminálu","href":"trml11513.html","unavailable":true},"trml35615":{"name":"Ak Terminál počas zadávania znakov pípa","href":"trml35615.html","unavailable":true},"trml1019":{"name":"Kopírovanie textu do okna aplikácie Terminál","href":"trml1019.html","unavailable":true},"trml1003":{"name":"Automatizácia úloh pomocou skriptu AppleScript","href":"trml1003.html","unavailable":true},"trml104":{"searchName":"Exportovanie nastavení terminálu","unavailable":true,"name":"Exportovanie nastavení profilu","href":"trml104.html"},"trml1032":{"searchName":"Aktivácia kódovania medzinárodných znakov v termináli","unavailable":true,"name":"Aktivácia kódovania medzinárodných znakov","href":"trml1032.html"},"trml15652":{"searchName":"Automatické otváranie skupiny okien terminálu","unavailable":true,"name":"Automatické otváranie skupiny okien","href":"trml15652.html"},"trml109":{"searchName":"Zabránenie detekcie zadávaných znakov v aplikácii Terminál","unavailable":true,"name":"Zabránenie detekcie zadávaných znakov","href":"trml109.html"},"trml15226":{"searchName":"Zmena kurzora v termináli","unavailable":true,"name":"Zmena kurzora","href":"trml15226.html"},"trml113":{"searchName":"Zmena predvoleného shellu terminálu","unavailable":true,"name":"Zmena predvoleného shellu","href":"trml113.html"},"trmltxt":{"name":"Panel Text v nastaveniach Profily","href":"trmltxt.html","unavailable":true},"trml103":{"searchName":"Zobrazenie vyššej znakovej sady v termináli","unavailable":true,"name":"Zobrazenie vyššej znakovej sady","href":"trml103.html"},"trmlshll":{"name":"Panel Shell v nastaveniach Profily","href":"trmlshll.html","unavailable":true},"trml1018":{"searchName":"Pripájanie k serverom v termináli","unavailable":true,"name":"Pripojenie k serverom","href":"trml1018.html"},"trml1002":{"searchName":"Opakovanie už zadaných príkazov, ktoré boli zadané v termináli","unavailable":true,"name":"Opakovanie už zadaných príkazov","href":"trml1002.html"},"trml108":{"searchName":"Vytvorenie vlastných funkčných klávesov v termináli","unavailable":true,"name":"Vytvorenie vlastných funkčných klávesov","href":"trml108.html"},"trmlshtcts":{"searchName":"Klávesové skratky terminálu","unavailable":true,"name":"Klávesové skratky","href":"trmlshtcts.html"},"trml1034":{"searchName":"Importovanie súboru s nastaveniami terminálu","unavailable":true,"name":"Importovanie súboru s nastaveniami","href":"trml1034.html"},"trml11412":{"name":"Prehľad aplikácie Terminál","href":"trml11412.html","unavailable":true},"trmlwrkspc":{"name":"Panel Skupiny okien v nastaveniach terminálu","href":"trmlwrkspc.html","unavailable":true},"trml15233":{"searchName":"Zmena množstva textu obsiahnutého v okne terminálu","unavailable":true,"name":"Obmedzenie počtu riadkov zachovaných v rámci relácie","href":"trml15233.html"},"trmlencd":{"name":"Panel Kódovania v nastaveniach terminálu","href":"trmlencd.html","unavailable":true}},"copyright_text":"© 2015 Apple Inc. Všetky práva vyhradené.","css":""}