{"framework":"apd-framework-9.0.8","title":"终端帮助","build_id":"556a95ca680ce24d354b2626","icon":"..\/GlobalArt\/AppIconDefault_Terminal.png","sections":{"trml2d2340ac":{"name":"设定偏好设置","children":["trml107","trml1036","trml20912","trml113","trml15233"]},"trml2a13d2ad":{"name":"在“终端”窗口中工作","children":["trml1002","trml1001","trml106"]},"trml6dee242c":{"name":"使用自动化和脚本","children":["trml15652","trml108","trml1020","trml11513","trml1003"]}},"birdseed_version":4,"toc":["trml11412","trml2a13d2ad","trml2d2340ac","trml6dee242c","trmlshtcts"],"locale":"zh-cn","version":"10.11","enable_tracking":false,"source_schema":"apd-schema","platform":"mac","build_date":"2015.05.30-23:48:20","landing":"trml35501","product":"terminal","urls":{},"copyright":"","topics":{"trml1031":{"name":"在“终端”窗口中创建标签","href":"trml1031.html","unavailable":true},"trml107":{"name":"更改“终端”窗口的外观","href":"trml107.html","unavailable":true},"trmladvn":{"name":"“描述文件”偏好设置的“高级”面板","href":"trmladvn.html","unavailable":true},"trml1036":{"searchName":"更改“终端”中文本的外观","unavailable":true,"name":"更改文本的外观","href":"trml1036.html"},"trmlkbrd":{"name":"“描述文件”偏好设置的“键盘”面板","href":"trmlkbrd.html","unavailable":true},"trml1020":{"name":"使用 OS X 辅助功能","href":"trml1020.html","unavailable":true},"trmlwindw":{"name":"“描述文件”偏好设置的“窗口”面板","href":"trmlwindw.html","unavailable":true},"trml15228":{"name":"更改“终端”窗口中显示的标题","href":"trml15228.html","unavailable":true},"trmlstrtup":{"name":"“终端”偏好设置的“通用”面板","href":"trmlstrtup.html","unavailable":true},"trml11512":{"searchName":"在“终端”中编辑最近使用的命令","unavailable":true,"name":"编辑之前使用的命令","href":"trml11512.html"},"trml20912":{"searchName":"在“终端”中设定听得见或看得见的警告","unavailable":true,"name":"设定听得见或看得见的警告","href":"trml20912.html"},"trml1001":{"searchName":"在“终端”中纠正键入错误","unavailable":true,"name":"纠正键入错误","href":"trml1001.html"},"trml106":{"name":"将文件拖入“终端”以指定路径","href":"trml106.html","unavailable":true},"trml35501":{"icon":"..\/GlobalArt\/AppLanding_Terminal.png","categories":["landing"],"name":"终端帮助","href":"trml35501.html"},"trmltab":{"name":"“描述文件”偏好设置的标签面板","href":"trmltab.html","unavailable":true},"trml15220":{"searchName":"在“终端”中启用多语言环境字符编码","unavailable":true,"name":"启用多语言环境字符编码","href":"trml15220.html"},"trml11513":{"name":"从“终端”运行 AppleScript 脚本","href":"trml11513.html","unavailable":true},"trml35615":{"name":"如果“终端”在您键入时发出哔哔声","href":"trml35615.html","unavailable":true},"trml1019":{"name":"将文本拷贝到“终端”窗口中","href":"trml1019.html","unavailable":true},"trml1003":{"name":"使用 AppleScript 自动执行任务","href":"trml1003.html","unavailable":true},"trml104":{"searchName":"导出“终端”设置","unavailable":true,"name":"导出描述文件设置","href":"trml104.html"},"trml1032":{"searchName":"在“终端”中激活多语言环境字符编码","unavailable":true,"name":"激活多语言环境字符编码","href":"trml1032.html"},"trml15652":{"searchName":"自动打开一组“终端”窗口","unavailable":true,"name":"自动打开一组窗口","href":"trml15652.html"},"trml109":{"searchName":"阻止不需要的“终端”按键检测","unavailable":true,"name":"阻止不需要的按键检测","href":"trml109.html"},"trml15226":{"searchName":"更改“终端”中的光标","unavailable":true,"name":"更改光标","href":"trml15226.html"},"trml113":{"searchName":"更改“终端”shell 窗口默认设置","unavailable":true,"name":"更改 shell 窗口默认设置","href":"trml113.html"},"trmltxt":{"name":"“描述文件”偏好设置的“文本”面板","href":"trmltxt.html","unavailable":true},"trml103":{"searchName":"在“终端”中显示高位字符","unavailable":true,"name":"显示高位字符","href":"trml103.html"},"trmlshll":{"name":"“描述文件”偏好设置的“Shell”面板","href":"trmlshll.html","unavailable":true},"trml1018":{"searchName":"使用“终端”连接到服务器","unavailable":true,"name":"连接到服务器","href":"trml1018.html"},"trml1002":{"searchName":"在“终端”中重复之前输入的命令","unavailable":true,"name":"重复之前输入的命令","href":"trml1002.html"},"trml108":{"searchName":"在“终端”中创建自定功能键","unavailable":true,"name":"创建自定功能键","href":"trml108.html"},"trmlshtcts":{"searchName":"“终端”键盘快捷键","unavailable":true,"name":"键盘快捷键","href":"trmlshtcts.html"},"trml1034":{"searchName":"导入“终端”设置文件","unavailable":true,"name":"导入设置文件","href":"trml1034.html"},"trml11412":{"name":"终端概览","href":"trml11412.html","unavailable":true},"trmlwrkspc":{"name":"“终端”偏好设置的“窗口组”面板","href":"trmlwrkspc.html","unavailable":true},"trml15233":{"searchName":"修改“终端”窗口中保留的文本量","unavailable":true,"name":"限制会话中保留的行数","href":"trml15233.html"},"trmlencd":{"name":"“终端”偏好设置的“编码”面板","href":"trmlencd.html","unavailable":true}},"copyright_text":"© 2015 Apple Inc.保留一切权利。","css":""}