{"framework":"apd-framework-9.0.8","title":"Aide Terminal","build_id":"559adab209462266168f1e18","icon":"..\/GlobalArt\/AppIconDefault_Terminal.png","sections":{"trml2d2340ac":{"name":"Définir les préférences","children":["trml107","trml1036","trml20912","trml113","trml15233"]},"trml2a13d2ad":{"name":"Travailler dans la fenêtre Terminal","children":["trml1002","trml1001","trml106"]},"trml6dee242c":{"name":"Utiliser une automatisation et des scripts","children":["trml15652","trml108","trml1020","trml11513","trml1003"]}},"birdseed_version":4,"toc":["trml11412","trml2a13d2ad","trml2d2340ac","trml6dee242c","trmlshtcts"],"locale":"fr","version":"10.11","enable_tracking":false,"source_schema":"apd-schema","platform":"mac","build_date":"2015.07.06-12:51:37","landing":"trml35501","product":"terminal","urls":{},"copyright":"","topics":{"trml1031":{"name":"Créer des onglets dans une fenêtre Terminal","href":"trml1031.html","unavailable":true},"trml107":{"name":"Modifier l’apparence des fenêtres Terminal","href":"trml107.html","unavailable":true},"trmladvn":{"name":"Sous-fenêtre Avancé des préférences Profils","href":"trmladvn.html","unavailable":true},"trml1036":{"searchName":"Modifier l’apparence du texte dans Terminal","unavailable":true,"name":"Modifier l’apparence du texte","href":"trml1036.html"},"trmlkbrd":{"name":"Sous-fenêtre Clavier des préférences Profils","href":"trmlkbrd.html","unavailable":true},"trml1020":{"name":"Utiliser les fonctionnalités d’accessibilité d’OS X","href":"trml1020.html","unavailable":true},"trmlwindw":{"name":"Sous-fenêtre Fenêtre des préférences Profils","href":"trmlwindw.html","unavailable":true},"trml15228":{"name":"Modifier le titre affiché dans une fenêtre Terminal","href":"trml15228.html","unavailable":true},"trmlstrtup":{"name":"Sous-fenêtre Général des préférences Terminal","href":"trmlstrtup.html","unavailable":true},"trml11512":{"searchName":"Modifier des commandes récemment utilisées dans Terminal","unavailable":true,"name":"Modifier des commandes précédemment utilisées","href":"trml11512.html"},"trml20912":{"searchName":"Configurer une alerte audio ou visuelle dans Terminal","unavailable":true,"name":"Configurer une alerte audio ou visuelle","href":"trml20912.html"},"trml1001":{"searchName":"Corriger les erreurs de frappe dans Terminal","unavailable":true,"name":"Corriger les erreurs de frappe","href":"trml1001.html"},"trml106":{"name":"Indiquer des chemins d’accès en faisant glisser des fichiers dans Terminal","href":"trml106.html","unavailable":true},"trml35501":{"icon":"..\/GlobalArt\/AppLanding_Terminal.png","categories":["landing"],"name":"Aide Terminal","href":"trml35501.html"},"trmltab":{"name":"Sous-fenêtre Onglet des préférences Profils","href":"trmltab.html","unavailable":true},"trml15220":{"searchName":"Activer les encodages de caractères internationaux dans Terminal","unavailable":true,"name":"Activer les encodages de caractères internationaux","href":"trml15220.html"},"trml11513":{"name":"Exécuter des scripts AppleScript à partir de Terminal","href":"trml11513.html","unavailable":true},"trml35615":{"name":"Si Terminal émet un son lors de la saisie","href":"trml35615.html","unavailable":true},"trml1019":{"name":"Copier du texte dans une fenêtre Terminal","href":"trml1019.html","unavailable":true},"trml1003":{"name":"Automatiser des tâches à l’aide d’AppleScript","href":"trml1003.html","unavailable":true},"trml104":{"searchName":"Exporter les réglages Terminal","unavailable":true,"name":"Exporter les réglages d’un profil","href":"trml104.html"},"trml1032":{"searchName":"Activer les encodages de caractères internationaux dans Terminal","unavailable":true,"name":"Activer les encodages de caractères internationaux","href":"trml1032.html"},"trml15652":{"searchName":"Ouvrir un groupe de fenêtres Terminal automatiquement","unavailable":true,"name":"Ouvrir un groupe de fenêtres automatiquement","href":"trml15652.html"},"trml109":{"searchName":"Empêcher la détection non souhaitée des saisies dans Terminal","unavailable":true,"name":"Empêcher la détection non souhaitée des saisies","href":"trml109.html"},"trml15226":{"searchName":"Modifier le curseur dans Terminal","unavailable":true,"name":"Modifier le curseur","href":"trml15226.html"},"trml113":{"searchName":"Modifier les réglages par défaut de la fenêtre de shell de Terminal","unavailable":true,"name":"Modifier les réglages par défaut de la fenêtre de shell","href":"trml113.html"},"trmltxt":{"name":"Sous-fenêtre Texte des préférences Profils","href":"trmltxt.html","unavailable":true},"trml103":{"searchName":"Afficher les caractères high-bit dans Terminal","unavailable":true,"name":"Afficher les caractères high-bit","href":"trml103.html"},"trmlshll":{"name":"Sous-fenêtre Shell des préférences Profils","href":"trmlshll.html","unavailable":true},"trml1018":{"searchName":"Se connecter aux serveurs dans Terminal","unavailable":true,"name":"Se connecter aux serveurs","href":"trml1018.html"},"trml1002":{"searchName":"Répéter des commandes précédemment saisies dans Terminal","unavailable":true,"name":"Répéter des commandes précédemment saisies","href":"trml1002.html"},"trml108":{"searchName":"Créer des touches de fonction personnalisées dans Terminal","unavailable":true,"name":"Créer des touches de fonction personnalisées","href":"trml108.html"},"trmlshtcts":{"searchName":"Raccourcis clavier de Terminal","unavailable":true,"name":"Raccourcis clavier","href":"trmlshtcts.html"},"trml1034":{"searchName":"Importer un fichier de réglages Terminal","unavailable":true,"name":"Importer un fichier de réglages","href":"trml1034.html"},"trml11412":{"name":"Vue d’ensemble de Terminal","href":"trml11412.html","unavailable":true},"trmlwrkspc":{"name":"Sous-fenêtre Groupes de fenêtres des préférences Terminal","href":"trmlwrkspc.html","unavailable":true},"trml15233":{"searchName":"Modifier la quantité de texte dans une fenêtre Terminal","unavailable":true,"name":"Limiter le nombre de lignes à conserver dans une session","href":"trml15233.html"},"trmlencd":{"name":"Sous-fenêtre Encodages des préférences Terminal","href":"trmlencd.html","unavailable":true}},"copyright_text":"© 2015 Apple Inc. Tous droits réservés.","css":""}