{"framework":"apd-framework-9.0.8","title":"Terminal-hjelp","build_id":"556a95c3680ce24d354b25cc","icon":"..\/GlobalArt\/AppIconDefault_Terminal.png","sections":{"trml2d2340ac":{"name":"Angi valg","children":["trml107","trml1036","trml20912","trml113","trml15233"]},"trml2a13d2ad":{"name":"Arbeid i Terminal-vinduet","children":["trml1002","trml1001","trml106"]},"trml6dee242c":{"name":"Bruk automatisering og prosedyrer","children":["trml15652","trml108","trml1020","trml11513","trml1003"]}},"birdseed_version":4,"toc":["trml11412","trml2a13d2ad","trml2d2340ac","trml6dee242c","trmlshtcts"],"locale":"nb","version":"10.11","enable_tracking":false,"source_schema":"apd-schema","platform":"mac","build_date":"2015.05.30-23:48:53","landing":"trml35501","product":"terminal","urls":{},"copyright":"","topics":{"trml1031":{"name":"Opprett faner i et Terminal-vindu","href":"trml1031.html","unavailable":true},"trml107":{"name":"Endre utseendet på Terminal-vinduer","href":"trml107.html","unavailable":true},"trmladvn":{"name":"Avansert-panelet i Profiler-valg","href":"trmladvn.html","unavailable":true},"trml1036":{"searchName":"Endre utseendet på tekst i Terminal","unavailable":true,"name":"Endre utseendet på tekst","href":"trml1036.html"},"trmlkbrd":{"name":"Tastatur-panelet i Profiler-valg","href":"trmlkbrd.html","unavailable":true},"trml1020":{"name":"Bruk OS X-tilgjengelighetsfunksjoner","href":"trml1020.html","unavailable":true},"trmlwindw":{"name":"Vindu-panelet i Profiler-valg","href":"trmlwindw.html","unavailable":true},"trml15228":{"name":"Endre tittelen som vises i et Terminal-vindu","href":"trml15228.html","unavailable":true},"trmlstrtup":{"name":"Generelt-panelet i Terminal-valg","href":"trmlstrtup.html","unavailable":true},"trml11512":{"searchName":"Rediger kommandoer du har brukt nylig i Terminal","unavailable":true,"name":"Rediger kommandoer du har brukt tidligere","href":"trml11512.html"},"trml20912":{"searchName":"Bruk visuelle signaler og lydsignaler i Terminal","unavailable":true,"name":"Bruk visuelle signaler og lydsignaler","href":"trml20912.html"},"trml1001":{"searchName":"Rett skrivefeil i Terminal","unavailable":true,"name":"Rett skrivefeil","href":"trml1001.html"},"trml106":{"name":"Angi baner ved å flytte filer til Terminal-vinduet","href":"trml106.html","unavailable":true},"trml35501":{"icon":"..\/GlobalArt\/AppLanding_Terminal.png","categories":["landing"],"name":"Terminal-hjelp","href":"trml35501.html"},"trmltab":{"name":"Fane-panelet i Profiler-valg","href":"trmltab.html","unavailable":true},"trml15220":{"searchName":"Aktiver internasjonale tegnkodinger i Terminal","unavailable":true,"name":"Aktiver internasjonale tegnkodinger","href":"trml15220.html"},"trml11513":{"name":"Start AppleScript-prosedyrer fra Terminal","href":"trml11513.html","unavailable":true},"trml35615":{"name":"Hvis Terminal reagerer med lydsignal når du skriver","href":"trml35615.html","unavailable":true},"trml1019":{"name":"Kopier tekst til et Terminal-vindu","href":"trml1019.html","unavailable":true},"trml1003":{"name":"Automatiser oppgaver med AppleScript","href":"trml1003.html","unavailable":true},"trml104":{"searchName":"Eksporter Terminal-innstillinger","unavailable":true,"name":"Eksporter profilinnstillinger","href":"trml104.html"},"trml1032":{"searchName":"Aktiver internasjonale tegnkodinger i Terminal","unavailable":true,"name":"Aktiver internasjonale tegnkodinger","href":"trml1032.html"},"trml15652":{"searchName":"Åpne en gruppe Terminal-vinduer automatisk","unavailable":true,"name":"Åpne en gruppe vinduer automatisk","href":"trml15652.html"},"trml109":{"searchName":"Hindre uønsket detektering av tastetrykk i Terminal","unavailable":true,"name":"Hindre uønsket detektering av tastetrykk","href":"trml109.html"},"trml15226":{"searchName":"Endre markøren i Terminal","unavailable":true,"name":"Endre markøren","href":"trml15226.html"},"trml113":{"searchName":"Endre standardinnstillinger for shellvinduet i Terminal","unavailable":true,"name":"Endre standardinnstillinger for shellvinduet","href":"trml113.html"},"trmltxt":{"name":"Tekst-panelet i Profiler-valg","href":"trmltxt.html","unavailable":true},"trml103":{"searchName":"Vis «high-bit»-tegn i Terminal","unavailable":true,"name":"Vis «high-bit»-tegn","href":"trml103.html"},"trmlshll":{"name":"Shell-panelet i Profiler-valg","href":"trmlshll.html","unavailable":true},"trml1018":{"searchName":"Koble til tjenere i Terminal","unavailable":true,"name":"Koble til tjenere","href":"trml1018.html"},"trml1002":{"searchName":"Gjenta kommandoer du har tastet inn tidligere i Terminal","unavailable":true,"name":"Gjenta kommandoer du har tastet inn tidligere","href":"trml1002.html"},"trml108":{"searchName":"Definer funksjonstaster i Terminal","unavailable":true,"name":"Opprett tilpassede funksjonstaster","href":"trml108.html"},"trmlshtcts":{"searchName":"Terminal-tastatursnarveier","unavailable":true,"name":"Tastatursnarveier","href":"trmlshtcts.html"},"trml1034":{"searchName":"Importer en Terminal-innstillingsfil","unavailable":true,"name":"Importer en innstillingsfil","href":"trml1034.html"},"trml11412":{"name":"Oversikt over Terminal","href":"trml11412.html","unavailable":true},"trmlwrkspc":{"name":"Vindusgrupper-panelet i Terminal-valg","href":"trmlwrkspc.html","unavailable":true},"trml15233":{"searchName":"Endre mengden tekst som skal huskes i et Terminal-vindu","unavailable":true,"name":"Begrens antallet rader som beholdes i en økt","href":"trml15233.html"},"trmlencd":{"name":"Kodinger-panelet i Terminal-valg","href":"trmlencd.html","unavailable":true}},"copyright_text":"© 2015 Apple Inc. Alle rettigheter forbeholdes.","css":""}