{"framework":"apd-framework-9.0.8","title":"עזרה בנושא ״המסוף״","build_id":"556a95c8680ce24d354b2608","icon":"..\/GlobalArt\/AppIconDefault_Terminal.png","sections":{"trml2d2340ac":{"name":"הגדרת העדפות","children":["trml107","trml1036","trml20912","trml113","trml15233"]},"trml2a13d2ad":{"name":"עבודה בחלון ה״מסוף״","children":["trml1002","trml1001","trml106"]},"trml6dee242c":{"name":"שימוש באוטומציה ובתסריטים","children":["trml15652","trml108","trml1020","trml11513","trml1003"]}},"birdseed_version":4,"toc":["trml11412","trml2a13d2ad","trml2d2340ac","trml6dee242c","trmlshtcts"],"locale":"he","version":"10.11","enable_tracking":false,"source_schema":"apd-schema","platform":"mac","build_date":"2015.05.30-23:51:12","landing":"trml35501","product":"terminal","urls":{},"copyright":"","topics":{"trml1031":{"name":"יצירת כרטיסיות בחלונות ״מסוף״","href":"trml1031.html","unavailable":true},"trml107":{"name":"שינוי המראה של חלונות ״המסוף״","href":"trml107.html","unavailable":true},"trmladvn":{"name":"החלונית ״מתקדם״ בהעדפות ״פרופילים״","href":"trmladvn.html","unavailable":true},"trml1036":{"searchName":"שינוי המראה של מלל ב״מסוף״","unavailable":true,"name":"שינוי המראה של מלל","href":"trml1036.html"},"trmlkbrd":{"name":"החלונית ״מקלדת״ בהעדפות ״פרופילים״","href":"trmlkbrd.html","unavailable":true},"trml1020":{"name":"שימוש בתכונות נגישות ב-OS X","href":"trml1020.html","unavailable":true},"trmlwindw":{"name":"החלונית ״חלון״ בהעדפות ״פרופילים״","href":"trmlwindw.html","unavailable":true},"trml15228":{"name":"שינוי הכותרת המוצגת בחלון ״מסוף״","href":"trml15228.html","unavailable":true},"trmlstrtup":{"name":"החלונית ״כללי״ בהעדפות ״המסוף״","href":"trmlstrtup.html","unavailable":true},"trml11512":{"searchName":"עריכת פקודות שהיו בשימוש לאחרונה ב״מסוף״","unavailable":true,"name":"עריכת פקודות שהיו בשימוש בעבר","href":"trml11512.html"},"trml20912":{"searchName":"הגדרת התראה שמיעתית או חזותית ב״מסוף״","unavailable":true,"name":"הגדרת התראה שמיעתית או חזותית","href":"trml20912.html"},"trml1001":{"searchName":"תיקון שגיאות הקלדה ב״מסוף״","unavailable":true,"name":"תיקון שגיאות הקלדה","href":"trml1001.html"},"trml106":{"name":"גרירת קבצים אל ״המסוף״ על-מנת לציין נתיבים","href":"trml106.html","unavailable":true},"trml35501":{"icon":"..\/GlobalArt\/AppLanding_Terminal.png","categories":["landing"],"name":"עזרה בנושא ״המסוף״","href":"trml35501.html"},"trmltab":{"name":"החלונית ״כרטיסיה״ בהעדפות ״פרופילים״","href":"trmltab.html","unavailable":true},"trml15220":{"searchName":"הפיכת קידודי תווים בינלאומיים לזמינים ב״מסוף״","unavailable":true,"name":"הפיכת קידודי תווים בינלאומיים לזמינים","href":"trml15220.html"},"trml11513":{"name":"הפעלת תסריטי AppleScript מ״המסוף״","href":"trml11513.html","unavailable":true},"trml35615":{"name":"במקרה ש״המסוף״ משמיע צפצוף במהלך ההקלדה","href":"trml35615.html","unavailable":true},"trml1019":{"name":"העתקת מלל לחלון ״מסוף״","href":"trml1019.html","unavailable":true},"trml1003":{"name":"אוטומציה של משימות באמצעות AppleScript","href":"trml1003.html","unavailable":true},"trml104":{"searchName":"ייצוא הגדרות ״מסוף״","unavailable":true,"name":"ייצוא הגדרות פרופיל","href":"trml104.html"},"trml1032":{"searchName":"הפעלת קידודי תווים בינלאומיים ב״מסוף״","unavailable":true,"name":"הפעלת קידודי תווים בינלאומיים","href":"trml1032.html"},"trml15652":{"searchName":"פתיחת קבוצת חלונות מסוף באופן אוטומטי","unavailable":true,"name":"פתיחת קבוצת חלונות באופן אוטומטי","href":"trml15652.html"},"trml109":{"searchName":"מניעת זיהוי הקשות בלתי רצוי ב״מסוף״","unavailable":true,"name":"מניעת זיהוי הקשות בלתי רצוי","href":"trml109.html"},"trml15226":{"searchName":"שינוי הסמן ב״מסוף״","unavailable":true,"name":"שינוי הסמן","href":"trml15226.html"},"trml113":{"searchName":"שינוי ברירות-המחדל עבור חלונות מעטפת ב״מסוף״","unavailable":true,"name":"שינוי ברירות-המחדל עבור חלונות מעטפת","href":"trml113.html"},"trmltxt":{"name":"החלונית ״מלל״ בהעדפות ״פרופילים״","href":"trmltxt.html","unavailable":true},"trml103":{"searchName":"הצגת תווים בעלי מספר סיביות גבוה ב״מסוף״","unavailable":true,"name":"הצגת תווים בעלי מספר סיביות גבוה","href":"trml103.html"},"trmlshll":{"name":"החלונית ״מעטפת״ בהעדפות ״פרופילים״","href":"trmlshll.html","unavailable":true},"trml1018":{"searchName":"חיבור לשרתים ב״מסוף״","unavailable":true,"name":"חיבור לשרתים","href":"trml1018.html"},"trml1002":{"searchName":"חזרה על פקודות שהוקשו קודם לכן ב״מסוף״","unavailable":true,"name":"חזרה על פקודות שהוקשו קודם לכן","href":"trml1002.html"},"trml108":{"searchName":"יצירת מקשי פונקציה מותאמים אישית ב״מסוף״","unavailable":true,"name":"יצירת מקשי פונקציה מותאמים אישית","href":"trml108.html"},"trmlshtcts":{"searchName":"קיצורי מקלדת ב״מסוף״","unavailable":true,"name":"קיצורי מקשים","href":"trmlshtcts.html"},"trml1034":{"searchName":"ייבוא קובץ הגדרות של ״מסוף״","unavailable":true,"name":"ייבוא קובץ הגדרות","href":"trml1034.html"},"trml11412":{"name":"סקירת ה״מסוף״","href":"trml11412.html","unavailable":true},"trmlwrkspc":{"name":"חלונית ״קבוצות חלונות״ בהעדפות ״המסוף״","href":"trmlwrkspc.html","unavailable":true},"trml15233":{"searchName":"שינוי כמות המלל שנשמר בחלון מסוף","unavailable":true,"name":"הגבלת מספר השורות הנשמרות בהפעלה","href":"trml15233.html"},"trmlencd":{"name":"חלונית ״קידודים״ בהעדפות ״המסוף״","href":"trmlencd.html","unavailable":true}},"copyright_text":"© 2015 Apple בע\"מ. כל הזכויות שמורות.","css":""}