{"framework":"apd-framework-9.0.8","title":"Ajuda Terminal","build_id":"556a95c7680ce24d354b25f6","icon":"..\/GlobalArt\/AppIconDefault_Terminal.png","sections":{"trml2d2340ac":{"name":"Definir les preferències","children":["trml107","trml1036","trml20912","trml113","trml15233"]},"trml2a13d2ad":{"name":"Treballar a la finestra Terminal","children":["trml1002","trml1001","trml106"]},"trml6dee242c":{"name":"Utilitzar l’automatització i scripts","children":["trml15652","trml108","trml1020","trml11513","trml1003"]}},"birdseed_version":4,"toc":["trml11412","trml2a13d2ad","trml2d2340ac","trml6dee242c","trmlshtcts"],"locale":"ca","version":"10.11","enable_tracking":false,"source_schema":"apd-schema","platform":"mac","build_date":"2015.05.30-23:51:10","landing":"trml35501","product":"terminal","urls":{},"copyright":"","topics":{"trml1031":{"name":"Crear pestanyes a una finestra de Terminal","href":"trml1031.html","unavailable":true},"trml107":{"name":"Canviar l’aspecte de les finestres de Terminal","href":"trml107.html","unavailable":true},"trmladvn":{"name":"Secció Avançat de les preferències de Perfils","href":"trmladvn.html","unavailable":true},"trml1036":{"searchName":"Canviar l’aspecte del text a Terminal","unavailable":true,"name":"Canviar l’aspecte del text","href":"trml1036.html"},"trmlkbrd":{"name":"Secció Teclat de les preferències de Perfils","href":"trmlkbrd.html","unavailable":true},"trml1020":{"name":"Ús de les funcions d’accessibilitat de l’OS X","href":"trml1020.html","unavailable":true},"trmlwindw":{"name":"Secció Finestra de les preferències de Perfils","href":"trmlwindw.html","unavailable":true},"trml15228":{"name":"Canviar el títol que es mostra a la finestra de Terminal","href":"trml15228.html","unavailable":true},"trmlstrtup":{"name":"Secció General de les preferències del Terminal","href":"trmlstrtup.html","unavailable":true},"trml11512":{"searchName":"Editar les ordres utilitzades recentment a Terminal","unavailable":true,"name":"Editar les ordres utilitzades anteriorment","href":"trml11512.html"},"trml20912":{"searchName":"Definir un avís acústic o visual a Terminal","unavailable":true,"name":"Definir un avís acústic o visual","href":"trml20912.html"},"trml1001":{"searchName":"Corregir errors d’escriptura a Terminal","unavailable":true,"name":"Corregir errors d’escriptura","href":"trml1001.html"},"trml106":{"name":"Arrossegar arxius a Terminal per especificar rutes","href":"trml106.html","unavailable":true},"trml35501":{"icon":"..\/GlobalArt\/AppLanding_Terminal.png","categories":["landing"],"name":"Ajuda Terminal","href":"trml35501.html"},"trmltab":{"name":"Secció Pestanya de les preferències de Perfils","href":"trmltab.html","unavailable":true},"trml15220":{"searchName":"Habilitar les codificacions de caràcters internacionals a Terminal","unavailable":true,"name":"Habilitar les codificacions de caràcters internacionals","href":"trml15220.html"},"trml11513":{"name":"Executar scripts d'AppleScript des de Terminal","href":"trml11513.html","unavailable":true},"trml35615":{"name":"Si Terminal emet un so d’avís mentre escriviu","href":"trml35615.html","unavailable":true},"trml1019":{"name":"Copiar text a una finestra de Terminal","href":"trml1019.html","unavailable":true},"trml1003":{"name":"Automatitzar tasques amb AppleScript","href":"trml1003.html","unavailable":true},"trml104":{"searchName":"Exportar la configuració de Terminal","unavailable":true,"name":"Exportar la configuració del perfil","href":"trml104.html"},"trml1032":{"searchName":"Activar les codificacions de caràcters internacionals a Terminal","unavailable":true,"name":"Activar les codificacions de caràcters internacionals","href":"trml1032.html"},"trml15652":{"searchName":"Obrir un grup de finestres de Terminal automàticament","unavailable":true,"name":"Obrir un grup de finestres automàticament","href":"trml15652.html"},"trml109":{"searchName":"Evitar la detecció no desitjada de pulsacions de tecles a Terminal","unavailable":true,"name":"Evitar la detecció no desitjada de pulsacions de tecles","href":"trml109.html"},"trml15226":{"searchName":"Canviar el cursor a Terminal","unavailable":true,"name":"Canviar el cursor","href":"trml15226.html"},"trml113":{"searchName":"Canviar els valors per omissió de la finestra d’intèrpret d’ordres de Terminal","unavailable":true,"name":"Canviar els valors per omissió de la finestra d’intèrpret d’ordres","href":"trml113.html"},"trmltxt":{"name":"Secció Text de les preferències de Perfils","href":"trmltxt.html","unavailable":true},"trml103":{"searchName":"Mostrar els caràcters de més bits a Terminal","unavailable":true,"name":"Mostrar els caràcters de més bits","href":"trml103.html"},"trmlshll":{"name":"Secció “Intèrpret d’ordres” de les preferències de Perfils","href":"trmlshll.html","unavailable":true},"trml1018":{"searchName":"Connectar-se a servidors a Terminal","unavailable":true,"name":"Connectar-se a servidors","href":"trml1018.html"},"trml1002":{"searchName":"Repetir les ordres introduïdes anteriorment a Terminal","unavailable":true,"name":"Repetir les ordres introduïdes anteriorment","href":"trml1002.html"},"trml108":{"searchName":"Crear tecles de funció personalitzades a Terminal","unavailable":true,"name":"Crear tecles de funció personalitzades","href":"trml108.html"},"trmlshtcts":{"searchName":"Dreceres de teclat de Terminal","unavailable":true,"name":"Dreceres de teclat","href":"trmlshtcts.html"},"trml1034":{"searchName":"Importar un arxiu de configuració de Terminal","unavailable":true,"name":"Importar un arxiu de configuració","href":"trml1034.html"},"trml11412":{"name":"Visió general de Terminal","href":"trml11412.html","unavailable":true},"trmlwrkspc":{"name":"Tauler Grups de finestres de les preferències de Terminal","href":"trmlwrkspc.html","unavailable":true},"trml15233":{"searchName":"Modificar la quantitat de text retingut en una finestra de Terminal","unavailable":true,"name":"Limitar el nombre de files retingudes en una sessió","href":"trml15233.html"},"trmlencd":{"name":"Tauler Codificacions de les preferències de Terminal","href":"trmlencd.html","unavailable":true}},"copyright_text":"© 2015 Apple Inc. Tots els drets reservats.","css":""}