{"framework":"apd-framework-9.0.8","title":"A Terminal súgója","build_id":"556a95be680ce24d354b257e","icon":"..\/GlobalArt\/AppIconDefault_Terminal.png","sections":{"trml2d2340ac":{"name":"Beállítások megadása","children":["trml107","trml1036","trml20912","trml113","trml15233"]},"trml2a13d2ad":{"name":"A Terminal-ablak használata","children":["trml1002","trml1001","trml106"]},"trml6dee242c":{"name":"Automatizálás és a parancsfájlok használata","children":["trml15652","trml108","trml1020","trml11513","trml1003"]}},"birdseed_version":4,"toc":["trml11412","trml2a13d2ad","trml2d2340ac","trml6dee242c","trmlshtcts"],"locale":"hu","version":"10.11","enable_tracking":false,"source_schema":"apd-schema","platform":"mac","build_date":"2015.05.30-23:52:00","landing":"trml35501","product":"terminal","urls":{},"copyright":"","topics":{"trml1031":{"name":"Lapok létrehozása Terminal ablakokban","href":"trml1031.html","unavailable":true},"trml107":{"name":"A Terminal ablakok megjelenésének módosítása","href":"trml107.html","unavailable":true},"trmladvn":{"name":"A Profilok beállításainak Haladó panelje","href":"trmladvn.html","unavailable":true},"trml1036":{"searchName":"A szöveg megjelenésének módosítása a Terminal alkalmazásban","unavailable":true,"name":"A szöveg megjelenésének módosítása","href":"trml1036.html"},"trmlkbrd":{"name":"A Profilok beállításainak Billentyűzet panelje","href":"trmlkbrd.html","unavailable":true},"trml1020":{"name":"Az OS X kisegítő lehetőségeinek használata","href":"trml1020.html","unavailable":true},"trmlwindw":{"name":"A Profilok beállításainak Ablak panelje","href":"trmlwindw.html","unavailable":true},"trml15228":{"name":"A Terminal ablakban megjelenített cím módosítása","href":"trml15228.html","unavailable":true},"trmlstrtup":{"name":"A Terminal beállításainak Általános panelje","href":"trmlstrtup.html","unavailable":true},"trml11512":{"searchName":"A Terminal alkalmazásban legutóbb használt parancsok szerkesztése","unavailable":true,"name":"Az előzőekben használt parancsok szerkesztése","href":"trml11512.html"},"trml20912":{"searchName":"Vizuális vagy hangjelzéses figyelmeztetés beállítása a Terminal alkalmazásban","unavailable":true,"name":"Vizuális vagy hangjelzéses figyelmeztetés beállítása","href":"trml20912.html"},"trml1001":{"searchName":"Elírások javítása a Terminal alkalmazásban","unavailable":true,"name":"Elírások javítása","href":"trml1001.html"},"trml106":{"name":"Fájlok húzása a Terminal alkalmazásba az útvonalak megadásához","href":"trml106.html","unavailable":true},"trml35501":{"icon":"..\/GlobalArt\/AppLanding_Terminal.png","categories":["landing"],"name":"A Terminal súgója","href":"trml35501.html"},"trmltab":{"name":"A Profilok beállításainak panelje","href":"trmltab.html","unavailable":true},"trml15220":{"searchName":"Nemzetközi karakterkódolások engedélyezése a Terminal alkalmazásban","unavailable":true,"name":"Nemzetközi karakterkódolások engedélyezése","href":"trml15220.html"},"trml11513":{"name":"AppleScript parancsfájlok futtatása a Terminal alkalmazásból","href":"trml11513.html","unavailable":true},"trml35615":{"name":"Ha a Terminal sípol gépelés közben","href":"trml35615.html","unavailable":true},"trml1019":{"name":"Szöveg másolása a Terminal ablakba","href":"trml1019.html","unavailable":true},"trml1003":{"name":"Feladatok automatizálása az AppleScript segítségével","href":"trml1003.html","unavailable":true},"trml104":{"searchName":"Terminal-beállítások exportálása","unavailable":true,"name":"Profilbeállítások exportálása","href":"trml104.html"},"trml1032":{"searchName":"Nemzetközi karakterkódolások aktiválása a Terminal alkalmazásban","unavailable":true,"name":"Nemzetközi karakterkódolások aktiválása","href":"trml1032.html"},"trml15652":{"searchName":"Terminal ablakok egy csoportjának automatikus megnyitása","unavailable":true,"name":"Ablakok egy csoportjának automatikus megnyitása","href":"trml15652.html"},"trml109":{"searchName":"Leütések nem kívánt észlelésének kiküszöbölése a Terminal alkalmazásban","unavailable":true,"name":"Leütések nem kívánt észlelésének kiküszöbölése","href":"trml109.html"},"trml15226":{"searchName":"A kurzor módosítása a Terminal alkalmazásban","unavailable":true,"name":"A kurzor módosítása","href":"trml15226.html"},"trml113":{"searchName":"A Terminal rendszerhéjablak alapértelmezéseinek módosítása","unavailable":true,"name":"Rendszerhéjablak alapértelmezéseinek módosítása","href":"trml113.html"},"trmltxt":{"name":"A Profilok beállításainak Szöveg panelje","href":"trmltxt.html","unavailable":true},"trml103":{"searchName":"A bitkódtartomány felső részébe tartozó karakterek megjelenítése a Terminal alkalmazásban","unavailable":true,"name":"A bitkódtartomány felső részébe tartozó karakterek megjelenítése","href":"trml103.html"},"trmlshll":{"name":"A Profilok beállításainak Héj panelje","href":"trmlshll.html","unavailable":true},"trml1018":{"searchName":"Csatlakozás kiszolgálókhoz a Terminal alkalmazásban","unavailable":true,"name":"Csatlakozás kiszolgálókhoz","href":"trml1018.html"},"trml1002":{"searchName":"A Terminal alkalmazásban korábban megadott parancsok megismétlése","unavailable":true,"name":"Korábban megadott parancsok megismétlése","href":"trml1002.html"},"trml108":{"searchName":"Egyéni funkcióbillentyűk létrehozása a Terminal alkalmazásban","unavailable":true,"name":"Egyéni funkcióbillentyűk létrehozása","href":"trml108.html"},"trmlshtcts":{"searchName":"Billentyűparancsok a Terminal alkalmazásban","unavailable":true,"name":"Billentyűparancsok","href":"trmlshtcts.html"},"trml1034":{"searchName":"Terminal-beállításfájl importálása","unavailable":true,"name":"Beállításfájl importálása","href":"trml1034.html"},"trml11412":{"name":"A Terminal áttekintése","href":"trml11412.html","unavailable":true},"trmlwrkspc":{"name":"A Terminal beállításainak Ablakcsoportok panelje","href":"trmlwrkspc.html","unavailable":true},"trml15233":{"searchName":"A Terminal ablakokban megőrizhető szövegmennyiség módosítása","unavailable":true,"name":"Az egyes munkamenetekben megőrzött sorok számának korlátozása","href":"trml15233.html"},"trmlencd":{"name":"A Terminal beállításainak Kódolások panelje","href":"trmlencd.html","unavailable":true}},"copyright_text":"© 2015 Apple Inc. Minden jog fenntartva.","css":""}