{"framework":"apd-framework-9.0.8","title":"ターミナルヘルプ","build_id":"556a95c7680ce24d354b25fc","icon":"..\/GlobalArt\/AppIconDefault_Terminal.png","sections":{"trml2d2340ac":{"name":"環境設定を設定する","children":["trml107","trml1036","trml20912","trml113","trml15233"]},"trml2a13d2ad":{"name":"ターミナルウインドウで作業する","children":["trml1002","trml1001","trml106"]},"trml6dee242c":{"name":"オートメーションとスクリプトを使用する","children":["trml15652","trml108","trml1020","trml11513","trml1003"]}},"birdseed_version":4,"toc":["trml11412","trml2a13d2ad","trml2d2340ac","trml6dee242c","trmlshtcts"],"locale":"ja","version":"10.11","enable_tracking":false,"source_schema":"apd-schema","platform":"mac","build_date":"2015.05.30-23:48:44","landing":"trml35501","product":"terminal","urls":{},"copyright":"","topics":{"trml1031":{"name":"ターミナルウインドウでタブを作成する","href":"trml1031.html","unavailable":true},"trml107":{"name":"ターミナルウインドウの外観を変更する","href":"trml107.html","unavailable":true},"trmladvn":{"name":"「プロファイル」環境設定の「詳細」パネル","href":"trmladvn.html","unavailable":true},"trml1036":{"searchName":"「ターミナル」のテキストの外観を変更する","unavailable":true,"name":"テキストの外観を変更する","href":"trml1036.html"},"trmlkbrd":{"name":"「プロファイル」環境設定の「キーボード」パネル","href":"trmlkbrd.html","unavailable":true},"trml1020":{"name":"OS X アクセシビリティ機能を使う","href":"trml1020.html","unavailable":true},"trmlwindw":{"name":"「プロファイル」環境設定の「ウインドウ」パネル","href":"trmlwindw.html","unavailable":true},"trml15228":{"name":"ターミナルウインドウに表示されるタイトルを変更する","href":"trml15228.html","unavailable":true},"trmlstrtup":{"name":"ターミナル環境設定の「一般」パネル","href":"trmlstrtup.html","unavailable":true},"trml11512":{"searchName":"「ターミナル」で最近使用したコマンドを編集する","unavailable":true,"name":"以前に使用したコマンドを編集する","href":"trml11512.html"},"trml20912":{"searchName":"「ターミナル」で音または視覚による警告を設定する","unavailable":true,"name":"音または視覚による警告を設定する","href":"trml20912.html"},"trml1001":{"searchName":"「ターミナル」で入力ミスを修正する","unavailable":true,"name":"入力ミスを修正する","href":"trml1001.html"},"trml106":{"name":"ファイルをターミナルにドラッグしてパスを指定する","href":"trml106.html","unavailable":true},"trml35501":{"icon":"..\/GlobalArt\/AppLanding_Terminal.png","categories":["landing"],"name":"ターミナルヘルプ","href":"trml35501.html"},"trmltab":{"name":"「プロファイル」環境設定の「タブ」パネル","href":"trmltab.html","unavailable":true},"trml15220":{"searchName":"「ターミナル」で各言語の文字エンコーディングを使用可能にする","unavailable":true,"name":"各言語の文字エンコーディングを使用可能にする","href":"trml15220.html"},"trml11513":{"name":"ターミナルから AppleScript スクリプトを実行する","href":"trml11513.html","unavailable":true},"trml35615":{"name":"入力中にターミナルでビープ音が鳴る場合","href":"trml35615.html","unavailable":true},"trml1019":{"name":"テキストをターミナルウインドウ内にコピーする","href":"trml1019.html","unavailable":true},"trml1003":{"name":"AppleScript を使ってタスクを自動化する","href":"trml1003.html","unavailable":true},"trml104":{"searchName":"「ターミナル」設定を書き出す","unavailable":true,"name":"ターミナル設定を書き出す","href":"trml104.html"},"trml1032":{"searchName":"「ターミナル」で各言語の文字エンコーディングを有効にする","unavailable":true,"name":"各言語の文字エンコーディングを有効にする","href":"trml1032.html"},"trml15652":{"searchName":"ターミナルウインドウのグループを自動的に開く","unavailable":true,"name":"ウインドウグループを自動的に開く","href":"trml15652.html"},"trml109":{"searchName":"「ターミナル」でキー入力が不必要に検出されることを防ぐ","unavailable":true,"name":"キー入力が不必要に検出されることを防ぐ","href":"trml109.html"},"trml15226":{"searchName":"「ターミナル」のカーソルを変更する","unavailable":true,"name":"カーソルを変更する","href":"trml15226.html"},"trml113":{"searchName":"「ターミナル」シェルウインドウのデフォルトを変更する","unavailable":true,"name":"シェルウインドウのデフォルトを変更する","href":"trml113.html"},"trmltxt":{"name":"「プロファイル」環境設定の「テキスト」パネル","href":"trmltxt.html","unavailable":true},"trml103":{"searchName":"ターミナルでハイビット文字を表示する","unavailable":true,"name":"ハイビット文字を表示する","href":"trml103.html"},"trmlshll":{"name":"「プロファイル」環境設定の「シェル」パネル","href":"trmlshll.html","unavailable":true},"trml1018":{"searchName":"「ターミナル」でサーバに接続する","unavailable":true,"name":"サーバに接続する","href":"trml1018.html"},"trml1002":{"searchName":"ターミナルで以前に入力したコマンドを繰り返し使用する","unavailable":true,"name":"以前に入力したコマンドを繰り返し使用する","href":"trml1002.html"},"trml108":{"searchName":"「ターミナル」でカスタムのファンクションキーを作成する","unavailable":true,"name":"カスタムのファンクションキーを作成する","href":"trml108.html"},"trmlshtcts":{"searchName":"「ターミナル」のキーボードショートカット","unavailable":true,"name":"キーボードショートカット","href":"trmlshtcts.html"},"trml1034":{"searchName":"「ターミナル」設定ファイルを読み込む","unavailable":true,"name":"設定ファイルを読み込む","href":"trml1034.html"},"trml11412":{"name":"ターミナルの概要","href":"trml11412.html","unavailable":true},"trmlwrkspc":{"name":"ターミナル環境設定の「ウインドウグループ」パネル","href":"trmlwrkspc.html","unavailable":true},"trml15233":{"searchName":"ターミナルウインドウに保持されるテキストの量を変更する","unavailable":true,"name":"セッションで保持される行数を制限する","href":"trml15233.html"},"trmlencd":{"name":"ターミナル環境設定の「エンコーディング」パネル","href":"trmlencd.html","unavailable":true}},"copyright_text":"© 2015 Apple Inc.All rights reserved.","css":""}