{"framework":"apd-framework-9.0.8","title":"Pomoć za Terminal","build_id":"556a95bd680ce24d354b2572","icon":"..\/GlobalArt\/AppIconDefault_Terminal.png","sections":{"trml2d2340ac":{"name":"Podešavanje postavki","children":["trml107","trml1036","trml20912","trml113","trml15233"]},"trml2a13d2ad":{"name":"Rad u prozoru aplikacije Terminal","children":["trml1002","trml1001","trml106"]},"trml6dee242c":{"name":"Korištenje automatizacije i skripta","children":["trml15652","trml108","trml1020","trml11513","trml1003"]}},"birdseed_version":4,"toc":["trml11412","trml2a13d2ad","trml2d2340ac","trml6dee242c","trmlshtcts"],"locale":"hr","version":"10.11","enable_tracking":false,"source_schema":"apd-schema","platform":"mac","build_date":"2015.05.30-23:47:34","landing":"trml35501","product":"terminal","urls":{},"copyright":"","topics":{"trml1031":{"name":"Izrada kartica u prozorima Terminala","href":"trml1031.html","unavailable":true},"trml107":{"name":"Promjena izgleda prozora Terminala","href":"trml107.html","unavailable":true},"trmladvn":{"name":"Prozor Napredno unutar postavki opcije Profili","href":"trmladvn.html","unavailable":true},"trml1036":{"searchName":"Promijenite izgled teksta u Terminalu","unavailable":true,"name":"Promjena izgleda teksta","href":"trml1036.html"},"trmlkbrd":{"name":"Prozor Tipkovnica unutar postavki opcije Profili","href":"trmlkbrd.html","unavailable":true},"trml1020":{"name":"Korištenje OS X značajki pristupačnosti","href":"trml1020.html","unavailable":true},"trmlwindw":{"name":"Okno Prozor unutar postavki opcije Profili","href":"trmlwindw.html","unavailable":true},"trml15228":{"name":"Promjena naslova koji se prikazuje u prozoru Terminala","href":"trml15228.html","unavailable":true},"trmlstrtup":{"name":"Prozor Općenito unutar postavki Terminala","href":"trmlstrtup.html","unavailable":true},"trml11512":{"searchName":"Uređivanje nedavno korištenih naredbi u Terminalu","unavailable":true,"name":"Uređivanje prethodno korištenih naredbi","href":"trml11512.html"},"trml20912":{"searchName":"Podešavanje audio ili vizualnog podsjetnika u Terminalu","unavailable":true,"name":"Podešavanje audio ili vizualnog podsjetnika","href":"trml20912.html"},"trml1001":{"searchName":"Ispravljanje pravopisnih grešaka u Terminalu","unavailable":true,"name":"Ispravljanje pravopisnih grešaka","href":"trml1001.html"},"trml106":{"name":"Povlačenje datoteka u Terminal radi određivanja putanja","href":"trml106.html","unavailable":true},"trml35501":{"icon":"..\/GlobalArt\/AppLanding_Terminal.png","categories":["landing"],"name":"Pomoć za Terminal","href":"trml35501.html"},"trmltab":{"name":"Prozor kartice unutar postavki opcije Profili","href":"trmltab.html","unavailable":true},"trml15220":{"searchName":"Omogućavanje kodiranja međunarodnih znakova u Terminalu","unavailable":true,"name":"Omogućavanje kodiranja međunarodnih znakova","href":"trml15220.html"},"trml11513":{"name":"Pokretanje AppleScript skripta iz Terminala","href":"trml11513.html","unavailable":true},"trml35615":{"name":"Ako se Terminal zvučno oglasi dok tipkate","href":"trml35615.html","unavailable":true},"trml1019":{"name":"Kopiranje teksta u prozor Terminala","href":"trml1019.html","unavailable":true},"trml1003":{"name":"Automatiziranje zadataka s pomoću aplikacije AppleScript","href":"trml1003.html","unavailable":true},"trml104":{"searchName":"Eksportiranje postavki Terminala","unavailable":true,"name":"Eksportiranje postavki profila","href":"trml104.html"},"trml1032":{"searchName":"Aktiviranje kodiranja međunarodnih znakova u Terminalu","unavailable":true,"name":"Aktiviranje kodiranja međunarodnih znakova","href":"trml1032.html"},"trml15652":{"searchName":"Automatsko otvaranje grupe prozora Terminala","unavailable":true,"name":"Automatsko otvaranje grupe prozora","href":"trml15652.html"},"trml109":{"searchName":"Sprječavanje neželjene detekcije pritisaka tipki u Terminalu","unavailable":true,"name":"Sprječavanje neželjene detekcije pritisaka tipki","href":"trml109.html"},"trml15226":{"searchName":"Promjena kursora u Terminalu","unavailable":true,"name":"Promjena kursora","href":"trml15226.html"},"trml113":{"searchName":"Promjena standardnih postavki prozora ljuske aplikacije Terminal","unavailable":true,"name":"Promjena standardnih postavki prozora ljuske","href":"trml113.html"},"trmltxt":{"name":"Prozor Tekst unutar postavki opcije Profili","href":"trmltxt.html","unavailable":true},"trml103":{"searchName":"Prikaz znakova s mnogo bitova u Terminalu","unavailable":true,"name":"Prikaz znakova s mnogo bitova","href":"trml103.html"},"trmlshll":{"name":"Prozor Ljuske unutar postavki opcije Profili","href":"trmlshll.html","unavailable":true},"trml1018":{"searchName":"Spajanje na poslužitelje u aplikaciji Terminal","unavailable":true,"name":"Spajanje na poslužitelje","href":"trml1018.html"},"trml1002":{"searchName":"Ponovite prethodno unesene naredbe u Terminalu","unavailable":true,"name":"Ponavljanje prethodno unesenih naredbi","href":"trml1002.html"},"trml108":{"searchName":"Izrada vlastitih funkcijskih tipki u aplikaciji Terminal","unavailable":true,"name":"Izrada vlastitih funkcijskih tipki","href":"trml108.html"},"trmlshtcts":{"searchName":"Prečaci tipkovnice aplikacije Terminal","unavailable":true,"name":"Prečaci tipkovnice","href":"trmlshtcts.html"},"trml1034":{"searchName":"Importiranje datoteke s postavkama aplikacije Terminal","unavailable":true,"name":"Importiranje datoteke s postavkama","href":"trml1034.html"},"trml11412":{"name":"Pregled aplikacije Terminal","href":"trml11412.html","unavailable":true},"trmlwrkspc":{"name":"Okno Grupe prozora unutar postavki Terminala","href":"trmlwrkspc.html","unavailable":true},"trml15233":{"searchName":"Izmjena količine teksta koji se zadržava u prozoru Terminala","unavailable":true,"name":"Ograničavanje broja redaka zadržanih u sesiji","href":"trml15233.html"},"trmlencd":{"name":"Okno Kodiranja unutar postavki Terminala","href":"trmlencd.html","unavailable":true}},"copyright_text":"Copyright © 2015 Apple Inc. Sva prava pridržana.","css":""}