{"framework":"apd-framework-9.0.8","title":"Pääte-ohje","build_id":"556a95bf680ce24d354b2590","icon":"..\/GlobalArt\/AppIconDefault_Terminal.png","sections":{"trml2d2340ac":{"name":"Asetusten määrittäminen","children":["trml107","trml1036","trml20912","trml113","trml15233"]},"trml2a13d2ad":{"name":"Pääte-ikkunassa työskenteleminen","children":["trml1002","trml1001","trml106"]},"trml6dee242c":{"name":"Automatisoinnin ja skriptien käyttäminen","children":["trml15652","trml108","trml1020","trml11513","trml1003"]}},"birdseed_version":4,"toc":["trml11412","trml2a13d2ad","trml2d2340ac","trml6dee242c","trmlshtcts"],"locale":"fi","version":"10.11","enable_tracking":false,"source_schema":"apd-schema","platform":"mac","build_date":"2015.05.30-23:52:05","landing":"trml35501","product":"terminal","urls":{},"copyright":"","topics":{"trml1031":{"name":"Välilehtien luominen Pääte-ikkunoissa","href":"trml1031.html","unavailable":true},"trml107":{"name":"Pääte-ikkunoiden ulkonäön muuttaminen","href":"trml107.html","unavailable":true},"trmladvn":{"name":"Profiilit-asetusten Lisäasetukset-osio","href":"trmladvn.html","unavailable":true},"trml1036":{"searchName":"Tekstin ulkonäön muuttaminen Päätteessä","unavailable":true,"name":"Tekstin ulkonäön muuttaminen","href":"trml1036.html"},"trmlkbrd":{"name":"Profiilit-asetusten Näppäimistö-osio","href":"trmlkbrd.html","unavailable":true},"trml1020":{"name":"OS X:n käyttöapuominaisuuksien käyttäminen","href":"trml1020.html","unavailable":true},"trmlwindw":{"name":"Profiilit-asetusten Ikkuna-osio","href":"trmlwindw.html","unavailable":true},"trml15228":{"name":"Pääte-ikkunassa näkyvän otsikon muuttaminen","href":"trml15228.html","unavailable":true},"trmlstrtup":{"name":"Pääte-asetusten Yleiset-osio","href":"trmlstrtup.html","unavailable":true},"trml11512":{"searchName":"Äskettäin käytettyjen komentojen muokkaaminen Päätteessä","unavailable":true,"name":"Äskettäin käytettyjen komentojen muokkaaminen","href":"trml11512.html"},"trml20912":{"searchName":"Näkyvän tai kuuluvan varoituksen asettaminen Päätteessä","unavailable":true,"name":"Näkyvän tai kuuluvan varoituksen asettaminen","href":"trml20912.html"},"trml1001":{"searchName":"Kirjoitusvirheiden korjaaminen Päätteessä","unavailable":true,"name":"Kirjoitusvirheiden korjaaminen","href":"trml1001.html"},"trml106":{"name":"Tiedostojen vetäminen Päätteeseen polkujen määrittämistä varten","href":"trml106.html","unavailable":true},"trml35501":{"icon":"..\/GlobalArt\/AppLanding_Terminal.png","categories":["landing"],"name":"Pääte-ohje","href":"trml35501.html"},"trmltab":{"name":"Profiilit-asetusten Välilehti-osio","href":"trmltab.html","unavailable":true},"trml15220":{"searchName":"Kansainvälisten merkkikoodausten ottaminen käyttöön Päätteessä","unavailable":true,"name":"Kansainvälisten merkkikoodausten ottaminen käyttöön","href":"trml15220.html"},"trml11513":{"name":"AppleScriptien suorittaminen Päätteen avulla","href":"trml11513.html","unavailable":true},"trml35615":{"name":"Jos Pääte antaa äänimerkin, kun kirjoitat","href":"trml35615.html","unavailable":true},"trml1019":{"name":"Tekstin kopioiminen Pääte-ikkunaan","href":"trml1019.html","unavailable":true},"trml1003":{"name":"Tehtävien automatisoiminen AppleScriptillä","href":"trml1003.html","unavailable":true},"trml104":{"searchName":"Pääte-asetusten vieminen","unavailable":true,"name":"Profiiliasetusten vieminen","href":"trml104.html"},"trml1032":{"searchName":"Kansainvälisten merkkikoodausten ottaminen käyttöön Päätteessä","unavailable":true,"name":"Kansainvälisten merkkikoodausten ottaminen käyttöön","href":"trml1032.html"},"trml15652":{"searchName":"Pääte-ikkunoiden ryhmän avaaminen automaattisesti","unavailable":true,"name":"Ikkunaryhmän avaaminen automaattisesti","href":"trml15652.html"},"trml109":{"searchName":"Näppäinpainallusten ei-toivotun havaitsemisen estäminen Päätteessä","unavailable":true,"name":"Näppäinpainallusten ei-toivotun havaitsemisen estäminen","href":"trml109.html"},"trml15226":{"searchName":"Kohdistimen muuttaminen Päätteessä","unavailable":true,"name":"Kohdistimen muuttaminen","href":"trml15226.html"},"trml113":{"searchName":"Päätteen komentotulkin ikkunan oletusarvojen muuttaminen","unavailable":true,"name":"Komentotulkin ikkunan oletusarvojen muuttaminen","href":"trml113.html"},"trmltxt":{"name":"Profiilit-asetusten Teksti-osio","href":"trmltxt.html","unavailable":true},"trml103":{"searchName":"Monitavuisten merkkien esittäminen Päätteessä","unavailable":true,"name":"Monitavuisten merkkien esittäminen","href":"trml103.html"},"trmlshll":{"name":"Profiilit-asetusten Komentotulkki-osio","href":"trmlshll.html","unavailable":true},"trml1018":{"searchName":"Yhteyden muodostaminen palvelimiin Päätteessä","unavailable":true,"name":"Yhteyden muodostaminen palvelimiin","href":"trml1018.html"},"trml1002":{"searchName":"Äskettäin syötettyjen komentojen toistaminen Päätteessä","unavailable":true,"name":"Äskettäin syötettyjen komentojen toistaminen","href":"trml1002.html"},"trml108":{"searchName":"Muokattujen toimintonäppäinten luominen Päätteessä","unavailable":true,"name":"Muokattujen toimintonäppäinten luominen","href":"trml108.html"},"trmlshtcts":{"searchName":"Päätteen näppäinoikotiet","unavailable":true,"name":"Näppäinoikotiet","href":"trmlshtcts.html"},"trml1034":{"searchName":"Päätteen asetustiedoston tuominen","unavailable":true,"name":"Asetustiedoston tuominen","href":"trml1034.html"},"trml11412":{"name":"Päätteen yleiskatsaus","href":"trml11412.html","unavailable":true},"trmlwrkspc":{"name":"Pääte-asetusten Ikkunaryhmät-osio","href":"trmlwrkspc.html","unavailable":true},"trml15233":{"searchName":"Ikkunassa säilytettävän tekstin määrän muuttaminen Pääte-ikkunassa","unavailable":true,"name":"Istunnossa säilytettävien rivien määrän rajoittaminen","href":"trml15233.html"},"trmlencd":{"name":"Pääte-asetusten Koodaukset-osio","href":"trmlencd.html","unavailable":true}},"copyright_text":"© 2015 Apple Inc. Kaikki oikeudet pidätetään.","css":""}