{"framework":"apd-framework-9.0.8","title":"Справка Терминала","build_id":"556a95c9680ce24d354b260e","icon":"..\/GlobalArt\/AppIconDefault_Terminal.png","sections":{"trml2d2340ac":{"name":"Выбор настроек","children":["trml107","trml1036","trml20912","trml113","trml15233"]},"trml2a13d2ad":{"name":"Работа в окне программы «Терминал»","children":["trml1002","trml1001","trml106"]},"trml6dee242c":{"name":"Использование автоматизации задач и скриптов","children":["trml15652","trml108","trml1020","trml11513","trml1003"]}},"birdseed_version":4,"toc":["trml11412","trml2a13d2ad","trml2d2340ac","trml6dee242c","trmlshtcts"],"locale":"ru","version":"10.11","enable_tracking":false,"source_schema":"apd-schema","platform":"mac","build_date":"2015.05.30-23:52:31","landing":"trml35501","product":"terminal","urls":{},"copyright":"","topics":{"trml1031":{"name":"Создание вкладок в окне программы «Терминал»","href":"trml1031.html","unavailable":true},"trml107":{"name":"Изменение внешнего вида окон программы «Терминал»","href":"trml107.html","unavailable":true},"trmladvn":{"name":"Панель «Дополнения» в разделе настроек «Профили»","href":"trmladvn.html","unavailable":true},"trml1036":{"searchName":"Изменение внешнего вида текста в программе «Терминал»","unavailable":true,"name":"Изменение внешнего вида текста","href":"trml1036.html"},"trmlkbrd":{"name":"Панель «Клавиатура» в разделе настроек «Профили»","href":"trmlkbrd.html","unavailable":true},"trml1020":{"name":"Использование функций универсального доступа OS X","href":"trml1020.html","unavailable":true},"trmlwindw":{"name":"Панель «Окно» в разделе настроек «Профили»","href":"trmlwindw.html","unavailable":true},"trml15228":{"name":"Изменение названия, отображаемого в окне программы «Терминала»","href":"trml15228.html","unavailable":true},"trmlstrtup":{"name":"Панель «Основные» в разделе настроек программы «Терминал»","href":"trmlstrtup.html","unavailable":true},"trml11512":{"searchName":"Редактирование недавно использованных команд в программе «Терминал»","unavailable":true,"name":"Редактирование ранее использованных команд","href":"trml11512.html"},"trml20912":{"searchName":"Настройка звуковых или визуальных предупреждений в программе «Терминал»","unavailable":true,"name":"Настройка звуковых или визуальных предупреждений","href":"trml20912.html"},"trml1001":{"searchName":"Исправление опечаток в программе «Терминал»","unavailable":true,"name":"Исправление ошибок ввода с клавиатуры","href":"trml1001.html"},"trml106":{"name":"Перетягивание файлов в окно Терминала для определения пути файла","href":"trml106.html","unavailable":true},"trml35501":{"icon":"..\/GlobalArt\/AppLanding_Terminal.png","categories":["landing"],"name":"Справка Терминала","href":"trml35501.html"},"trmltab":{"name":"Панель «Вкладка» в разделе настроек «Профили»","href":"trmltab.html","unavailable":true},"trml15220":{"searchName":"Подключение региональных кодировок символов в программе «Терминал»","unavailable":true,"name":"Подключение региональных кодировок символов","href":"trml15220.html"},"trml11513":{"name":"Запуск скриптов AppleScript в программе «Терминал»","href":"trml11513.html","unavailable":true},"trml35615":{"name":"Если при вводе текста в Терминале раздается сигнал","href":"trml35615.html","unavailable":true},"trml1019":{"name":"Копирование текста в окно программы «Терминал»","href":"trml1019.html","unavailable":true},"trml1003":{"name":"Автоматизация задач с помощью AppleScript","href":"trml1003.html","unavailable":true},"trml104":{"searchName":"Экспорт параметров программы «Терминал»","unavailable":true,"name":"Экспорт настроек профиля","href":"trml104.html"},"trml1032":{"searchName":"Подключение региональных кодировок символов в программе «Терминал»","unavailable":true,"name":"Подключение региональных кодировок символов","href":"trml1032.html"},"trml15652":{"searchName":"Автоматическое открытие группы окон Терминала","unavailable":true,"name":"Автоматическое открытие группы окон","href":"trml15652.html"},"trml109":{"searchName":"Предупреждение нежелательных нажатий клавиш в программе «Терминал»","unavailable":true,"name":"Предупреждение нежелательных нажатий клавиш","href":"trml109.html"},"trml15226":{"searchName":"Изменение курсора в программе «Терминал»","unavailable":true,"name":"Изменение курсора","href":"trml15226.html"},"trml113":{"searchName":"Изменение настроек по умолчанию для окна shell в Терминале","unavailable":true,"name":"Изменение настроек по умолчанию для окна shell","href":"trml113.html"},"trmltxt":{"name":"Панель «Текст» в разделе настроек «Профили»","href":"trmltxt.html","unavailable":true},"trml103":{"searchName":"Отображение высокоразрядных символов в программе «Терминал»","unavailable":true,"name":"Отображение высокоразрядных символов","href":"trml103.html"},"trmlshll":{"name":"Панель «Shell» в разделе настроек «Профили»","href":"trmlshll.html","unavailable":true},"trml1018":{"searchName":"Подключение к серверам в программе «Терминал»","unavailable":true,"name":"Подключение к серверам","href":"trml1018.html"},"trml1002":{"searchName":"Повтор ранее введенных команд в программе «Терминал»","unavailable":true,"name":"Повтор ранее введенных команд","href":"trml1002.html"},"trml108":{"searchName":"Создание индивидуальных функциональных клавиш в программе «Терминал»","unavailable":true,"name":"Создание индивидуальных функциональных клавиш","href":"trml108.html"},"trmlshtcts":{"searchName":"Сочетания клавиш программы «Терминал»","unavailable":true,"name":"Сочетания клавиш","href":"trmlshtcts.html"},"trml1034":{"searchName":"Импорт файла настроек Терминала","unavailable":true,"name":"Импорт файла настроек","href":"trml1034.html"},"trml11412":{"name":"Общие сведения о программе «Терминал»","href":"trml11412.html","unavailable":true},"trmlwrkspc":{"name":"Панель «Группы окон» в настройках программы «Терминал»","href":"trmlwrkspc.html","unavailable":true},"trml15233":{"searchName":"Изменение объема текста, сохраняемого в буфере окна Терминала","unavailable":true,"name":"Ограничение количества строк, видимых в сеансе","href":"trml15233.html"},"trmlencd":{"name":"Панель «Кодировки» в настройках программы «Терминал»","href":"trmlencd.html","unavailable":true}},"copyright_text":"© 2015 Apple Inc. Все права защищены.","css":""}