{"framework":"apd-framework-9.0.8","title":"Terminal-Hilfe","build_id":"556a95bc680ce24d354b256c","icon":"..\/GlobalArt\/AppIconDefault_Terminal.png","sections":{"trml2d2340ac":{"name":"Festlegen von Einstellungen","children":["trml107","trml1036","trml20912","trml113","trml15233"]},"trml2a13d2ad":{"name":"Arbeiten im Terminal-Fenster","children":["trml1002","trml1001","trml106"]},"trml6dee242c":{"name":"Verwenden von Automatisierung und Skripts","children":["trml15652","trml108","trml1020","trml11513","trml1003"]}},"birdseed_version":4,"toc":["trml11412","trml2a13d2ad","trml2d2340ac","trml6dee242c","trmlshtcts"],"locale":"de","version":"10.11","enable_tracking":false,"source_schema":"apd-schema","platform":"mac","build_date":"2015.05.30-23:51:37","landing":"trml35501","product":"terminal","urls":{},"copyright":"","topics":{"trml1031":{"name":"Erstellen von Tabs in einem Terminal-Fenster","href":"trml1031.html","unavailable":true},"trml107":{"name":"Ändern der Darstellung von Terminal-Fenstern","href":"trml107.html","unavailable":true},"trmladvn":{"name":"Bereich „Erweitert“ der Einstellungen für Profile","href":"trmladvn.html","unavailable":true},"trml1036":{"searchName":"Ändern der Darstellung von Text in Terminal","unavailable":true,"name":"Ändern der Darstellung von Text","href":"trml1036.html"},"trmlkbrd":{"name":"Bereich „Tastatur“ der Einstellungen für Profile","href":"trmlkbrd.html","unavailable":true},"trml1020":{"name":"Verwenden der OS X Bedienungshilfen","href":"trml1020.html","unavailable":true},"trmlwindw":{"name":"Bereich „Fenster“ der Einstellungen für Profile","href":"trmlwindw.html","unavailable":true},"trml15228":{"name":"Ändern des in einem Terminal-Fenster angezeigten Titels","href":"trml15228.html","unavailable":true},"trmlstrtup":{"name":"Bereich „Allgemein“ der Terminal-Einstellungen","href":"trmlstrtup.html","unavailable":true},"trml11512":{"searchName":"Bearbeiten zuletzt verwendeter Befehle in Terminal","unavailable":true,"name":"Bearbeiten zuvor verwendeter Befehle","href":"trml11512.html"},"trml20912":{"searchName":"Festlegen eines akustischen oder visuellen Warnsignals in Terminal","unavailable":true,"name":"Festlegen eines akustischen oder visuellen Warnsignals","href":"trml20912.html"},"trml1001":{"searchName":"Berichtigen von Tippfehlern in Terminal","unavailable":true,"name":"Berichtigen von Tippfehlern","href":"trml1001.html"},"trml106":{"name":"Bewegen von Dateien in Terminal zur Pfadangabe","href":"trml106.html","unavailable":true},"trml35501":{"icon":"..\/GlobalArt\/AppLanding_Terminal.png","categories":["landing"],"name":"Terminal-Hilfe","href":"trml35501.html"},"trmltab":{"name":"Bereich „Tab“ der Einstellungen für Profile","href":"trmltab.html","unavailable":true},"trml15220":{"searchName":"Aktivieren internationaler Zeichencodierungen in Terminal","unavailable":true,"name":"Aktivieren internationaler Zeichencodierungen","href":"trml15220.html"},"trml11513":{"name":"Ausführen von AppleScript-Skripts in Terminal","href":"trml11513.html","unavailable":true},"trml35615":{"name":"Terminal gibt bei der Eingabe akustische Signale aus","href":"trml35615.html","unavailable":true},"trml1019":{"name":"Kopieren von Text in ein Terminal-Fenster","href":"trml1019.html","unavailable":true},"trml1003":{"name":"Automatisieren von Aufgaben mithilfe von AppleScript","href":"trml1003.html","unavailable":true},"trml104":{"searchName":"Exportieren von Terminal-Einstellungen","unavailable":true,"name":"Exportieren von Profileinstellungen","href":"trml104.html"},"trml1032":{"searchName":"Aktivieren internationaler Zeichencodierungen in Terminal","unavailable":true,"name":"Aktivieren internationaler Zeichencodierungen","href":"trml1032.html"},"trml15652":{"searchName":"Automatisches Öffnen einer Terminal-Fenstergruppe","unavailable":true,"name":"Automatisches Öffnen einer Fenstergruppe","href":"trml15652.html"},"trml109":{"searchName":"Unterbinden der nicht gewünschten Ermittlung von Tastenanschlägen in Terminal","unavailable":true,"name":"Unterbinden der nicht gewünschten Ermittlung von Tastenanschlägen","href":"trml109.html"},"trml15226":{"searchName":"Ändern des Cursors in Terminal","unavailable":true,"name":"Ändern des Cursors","href":"trml15226.html"},"trml113":{"searchName":"Ändern der Standards des Terminal-Shell-Fensters","unavailable":true,"name":"Ändern der Standards des Shell-Fensters","href":"trml113.html"},"trmltxt":{"name":"Bereich „Text“ der Einstellungen für Profile","href":"trmltxt.html","unavailable":true},"trml103":{"searchName":"Anzeigen von High-Bit-Zeichen in Terminal","unavailable":true,"name":"Anzeigen von High-Bit-Zeichen","href":"trml103.html"},"trmlshll":{"name":"Bereich „Shell“ der Einstellungen für die Profile","href":"trmlshll.html","unavailable":true},"trml1018":{"searchName":"Herstellen einer Verbindung zu Servern mit Terminal","unavailable":true,"name":"Herstellen einer Verbindung zu Servern","href":"trml1018.html"},"trml1002":{"searchName":"Wiederholen zuvor eingegebener Befehle in Terminal","unavailable":true,"name":"Wiederholen zuvor eingegebener Befehle","href":"trml1002.html"},"trml108":{"searchName":"Definieren eigener Funktionstasten in Terminal","unavailable":true,"name":"Definieren eigener Funktionstasten","href":"trml108.html"},"trmlshtcts":{"searchName":"Terminal-Tastaturkurzbefehle","unavailable":true,"name":"Kurzbefehle","href":"trmlshtcts.html"},"trml1034":{"searchName":"Importieren einer Terminal-Einstellungsdatei","unavailable":true,"name":"Importieren einer Einstellungsdatei","href":"trml1034.html"},"trml11412":{"name":"Terminal – Übersicht","href":"trml11412.html","unavailable":true},"trmlwrkspc":{"name":"Bereich „Fenstergruppen“ der Terminal-Einstellungen","href":"trmlwrkspc.html","unavailable":true},"trml15233":{"searchName":"Ändern des Textpuffers für ein Terminal-Fenster","unavailable":true,"name":"Festlegen, wie viele Zeilen während einer Sitzung im Zeilenpuffer bleiben sollen","href":"trml15233.html"},"trmlencd":{"name":"Bereich „Codierungen“ der Terminal-Einstellungen","href":"trmlencd.html","unavailable":true}},"copyright_text":"© 2015 Apple Inc. Alle Rechte vorbehalten.","css":""}