{"framework":"apd-framework-9.0.8","title":"Bantuan Terminal","build_id":"556a95be680ce24d354b2584","icon":"..\/GlobalArt\/AppIconDefault_Terminal.png","sections":{"trml2d2340ac":{"name":"Tetapkan keutamaan","children":["trml107","trml1036","trml20912","trml113","trml15233"]},"trml2a13d2ad":{"name":"Berfungsi dalam tetingkap Terminal","children":["trml1002","trml1001","trml106"]},"trml6dee242c":{"name":"Gunakan pengautomatikkan dan skrip","children":["trml15652","trml108","trml1020","trml11513","trml1003"]}},"birdseed_version":4,"toc":["trml11412","trml2a13d2ad","trml2d2340ac","trml6dee242c","trmlshtcts"],"locale":"ms","version":"10.11","enable_tracking":false,"source_schema":"apd-schema","platform":"mac","build_date":"2015.05.30-23:49:48","landing":"trml35501","product":"terminal","urls":{},"copyright":"","topics":{"trml1031":{"name":"Mencipta tab dalam tetingkap Terminal","href":"trml1031.html","unavailable":true},"trml107":{"name":"Tukar penampilan tetingkap Terminal","href":"trml107.html","unavailable":true},"trmladvn":{"name":"Anak tetingkap Lanjutan dari keutamaan Profil","href":"trmladvn.html","unavailable":true},"trml1036":{"searchName":"Tukar penampilan teks dalam Terminal","unavailable":true,"name":"Tukar penampilan teks","href":"trml1036.html"},"trmlkbrd":{"name":"Anak tetingkap Papan Kekunci dari keutamaan Profil","href":"trmlkbrd.html","unavailable":true},"trml1020":{"name":"Gunakan ciri kebolehcapaian OS X","href":"trml1020.html","unavailable":true},"trmlwindw":{"name":"Anak tetingkap Tetingkap dari keutamaan Profil","href":"trmlwindw.html","unavailable":true},"trml15228":{"name":"Ubah tajuk yang ditunjukkan dalam tetingkap Terminal","href":"trml15228.html","unavailable":true},"trmlstrtup":{"name":"Anak tetingkap Umum dari keutamaan Terminal","href":"trmlstrtup.html","unavailable":true},"trml11512":{"searchName":"Edit terbaru gunakan perintah dalam Terminal","unavailable":true,"name":"Edit perintah yang digunakan sebelumnya","href":"trml11512.html"},"trml20912":{"searchName":"Tetapkan isyarat audio atau visual dalam Terminal","unavailable":true,"name":"Tetapkan isyarat audio atau visual","href":"trml20912.html"},"trml1001":{"searchName":"Membetulkan ralat penaipan dalam Terminal","unavailable":true,"name":"Membetulkan ralat penaipan","href":"trml1001.html"},"trml106":{"name":"Seret fail ke dalam Terminal untuk menentukan laluan","href":"trml106.html","unavailable":true},"trml35501":{"icon":"..\/GlobalArt\/AppLanding_Terminal.png","categories":["landing"],"name":"Bantuan Terminal","href":"trml35501.html"},"trmltab":{"name":"Anak tetingkap Tab dari keutamaan Profil","href":"trmltab.html","unavailable":true},"trml15220":{"searchName":"Dayakan pengekodan aksara antarabangsa dalam Terminal","unavailable":true,"name":"Dayakan pengekodan aksara antarabangsa","href":"trml15220.html"},"trml11513":{"name":"Jalankan skrip AppleScript dari Terminal","href":"trml11513.html","unavailable":true},"trml35615":{"name":"Jika Terminal mengeluarkan bunyi bip ketika anda menaip","href":"trml35615.html","unavailable":true},"trml1019":{"name":"Salin teks ke dalam tetingkap Terminal","href":"trml1019.html","unavailable":true},"trml1003":{"name":"Automatikkan tugas menggunakan AppleScript","href":"trml1003.html","unavailable":true},"trml104":{"searchName":"Eksport tetapan Terminal","unavailable":true,"name":"Eksport tetapan profil","href":"trml104.html"},"trml1032":{"searchName":"Aktifkan pengekodan aksara antarabangsa dalam Terminal","unavailable":true,"name":"Aktifkan pengekodan aksara antarabangsa","href":"trml1032.html"},"trml15652":{"searchName":"Buka kumpulan tetingkap Terminal secara automatik","unavailable":true,"name":"Buka kumpulan tetingkap secara automatik","href":"trml15652.html"},"trml109":{"searchName":"Mencegah pengimlakan tidak dikehendaki dari ketukan kekunci dalam Terminal","unavailable":true,"name":"Mencegah pengimlakan tidak dikehendaki dari ketukan kekunci","href":"trml109.html"},"trml15226":{"searchName":"Ubah kursor dalam Terminal","unavailable":true,"name":"Ubah kursor","href":"trml15226.html"},"trml113":{"searchName":"Ubah tetingkap cangkerang Terminal lalai","unavailable":true,"name":"Tukar lalai tetingkap cangkerang","href":"trml113.html"},"trmltxt":{"name":"Anak tetingkap Teks dari keutamaan Profil","href":"trmltxt.html","unavailable":true},"trml103":{"searchName":"Paparkan aksara bit-tinggi dalam Terminal","unavailable":true,"name":"Paparkan aksara bit-tinggi","href":"trml103.html"},"trmlshll":{"name":"Anak tetingkap Cangkerang dari keutamaan Profil","href":"trmlshll.html","unavailable":true},"trml1018":{"searchName":"Bersambung ke pelayan dalam Terminal","unavailable":true,"name":"Bersambung ke pelayan","href":"trml1018.html"},"trml1002":{"searchName":"Ulang perintah yang dimasukkan sebelum ini dalam Terminal","unavailable":true,"name":"Ulang perintah yang dimasukkan sebelum ini","href":"trml1002.html"},"trml108":{"searchName":"Cipta kekunci fungsi khusus dalam Terminal","unavailable":true,"name":"Mencipta kekunci fungsi khusus","href":"trml108.html"},"trmlshtcts":{"searchName":"Pintasan papan kekunci Terminal","unavailable":true,"name":"Pintasan papan kekunci","href":"trmlshtcts.html"},"trml1034":{"searchName":"Import fail tetapan Terminal","unavailable":true,"name":"Import fail tetapan","href":"trml1034.html"},"trml11412":{"name":"Gambaran keseluruhan Terminal","href":"trml11412.html","unavailable":true},"trmlwrkspc":{"name":"anak tetingkap kumpulan tetingkap keutamaan Terminal","href":"trmlwrkspc.html","unavailable":true},"trml15233":{"searchName":"Ubah suai jumlah teks dikekalkan dalam tetingkap Terminal","unavailable":true,"name":"Hadkan bilangan baris yang dikekalkan dalam satu sesi","href":"trml15233.html"},"trmlencd":{"name":"anak tetingkap pengekodan keutamaan Terminal","href":"trmlencd.html","unavailable":true}},"copyright_text":"© 2015 Apple Inc. Hak cipta terpelihara.","css":""}