{"framework":"apd-framework-9.0.8","title":"مساعدة الوحدة الطرفية","build_id":"556a95c2680ce24d354b25ba","icon":"..\/GlobalArt\/AppIconDefault_Terminal.png","sections":{"trml2d2340ac":{"name":"تعيين التفضيلات","children":["trml107","trml1036","trml20912","trml113","trml15233"]},"trml2a13d2ad":{"name":"العمل في نافذة الوحدة الطرفية","children":["trml1002","trml1001","trml106"]},"trml6dee242c":{"name":"استخدام التنفيذ التلقائي والبرامج النصية","children":["trml15652","trml108","trml1020","trml11513","trml1003"]}},"birdseed_version":4,"toc":["trml11412","trml2a13d2ad","trml2d2340ac","trml6dee242c","trmlshtcts"],"locale":"ar","version":"10.11","enable_tracking":false,"source_schema":"apd-schema","platform":"mac","build_date":"2015.05.30-23:50:16","landing":"trml35501","product":"terminal","urls":{},"copyright":"","topics":{"trml1031":{"name":"إنشاء علامات تبويب في نوافذ الوحدة الطرفية","href":"trml1031.html","unavailable":true},"trml107":{"name":"تغيير مظهر نوافذ الوحدة الطرفية","href":"trml107.html","unavailable":true},"trmladvn":{"name":"جزء متقدم من تفضيلات ملفات التعريف","href":"trmladvn.html","unavailable":true},"trml1036":{"searchName":"تغيير مظهر النص في الوحدة الطرفية","unavailable":true,"name":"تغيير مظهر النص","href":"trml1036.html"},"trmlkbrd":{"name":"جزء لوحة المفاتيح من تفضيلات ملفات التعريف","href":"trmlkbrd.html","unavailable":true},"trml1020":{"name":"استخدام ميزات إمكانية الوصول في OS X","href":"trml1020.html","unavailable":true},"trmlwindw":{"name":"جزء النافذة من تفضيلات ملفات التعريف","href":"trmlwindw.html","unavailable":true},"trml15228":{"name":"تغيير العنوان المعروض في نافذة الوحدة الطرفية","href":"trml15228.html","unavailable":true},"trmlstrtup":{"name":"جزء عام من تفضيلات المحطة الطرفية","href":"trmlstrtup.html","unavailable":true},"trml11512":{"searchName":"تحرير الأوامر المستخدمة مؤخرًا في الوحدة الطرفية","unavailable":true,"name":"تحرير الأوامر التي تم استخدامها سابقًا","href":"trml11512.html"},"trml20912":{"searchName":"تعيين تنبيه صوتي أو مرئي في الوحدة الطرفية","unavailable":true,"name":"تعيين تنبيه صوتي أو مرئي","href":"trml20912.html"},"trml1001":{"searchName":"تصحيح أخطاء الكتابة في الوحدة الطرفية","unavailable":true,"name":"تصحيح أخطاء الكتابة","href":"trml1001.html"},"trml106":{"name":"سحب الملفات إلى الوحدة الطرفية لتحديد المسارات","href":"trml106.html","unavailable":true},"trml35501":{"icon":"..\/GlobalArt\/AppLanding_Terminal.png","categories":["landing"],"name":"مساعدة الوحدة الطرفية","href":"trml35501.html"},"trmltab":{"name":"جزء علامة التبويب في تفضيلات ملفات التعريف","href":"trmltab.html","unavailable":true},"trml15220":{"searchName":"تمكين ترميزات الأحرف الدولية في الوحدة الطرفية","unavailable":true,"name":"تمكين ترميزات الأحرف الدولية","href":"trml15220.html"},"trml11513":{"name":"تشغيل البرامج النصية لـ AppleScript من الوحدة الطرفية","href":"trml11513.html","unavailable":true},"trml35615":{"name":"إذا أصدرت الوحدة الطرفية إشارة صوتية أثناء الكتابة","href":"trml35615.html","unavailable":true},"trml1019":{"name":"نسخ النص إلى نافذة الوحدة الطرفية","href":"trml1019.html","unavailable":true},"trml1003":{"name":"التنفيذ التلقائي للمهام باستخدام AppleScript","href":"trml1003.html","unavailable":true},"trml104":{"searchName":"تصدير إعدادات الوحدة الطرفية","unavailable":true,"name":"تصدير إعدادات ملف التعريف","href":"trml104.html"},"trml1032":{"searchName":"تنشيط ترميزات الأحرف الدولية في الوحدة الطرفية","unavailable":true,"name":"تنشيط ترميزات الأحرف الدولية","href":"trml1032.html"},"trml15652":{"searchName":"فتح مجموعة نوافذ بالوحدة الطرفية تلقائيًا","unavailable":true,"name":"فتح مجموعة نوافذ تلقائيًا","href":"trml15652.html"},"trml109":{"name":"منع التعرف غير المرغوب فيه على ضغط المفاتيح","href":"trml109.html","unavailable":true},"trml15226":{"searchName":"تغيير المؤشر في الوحدة الطرفية","unavailable":true,"name":"تغيير المؤشر","href":"trml15226.html"},"trml113":{"searchName":"تغيير الإعدادات الافتراضية لنافذة shell في الوحدة الطرفية","unavailable":true,"name":"تغيير الإعدادات الافتراضية لنافذة shell","href":"trml113.html"},"trmltxt":{"name":"جزء النص من تفضيلات ملفات التعريف","href":"trmltxt.html","unavailable":true},"trml103":{"searchName":"عرض الأحرف ذات وحدات البت العالية في الوحدة الطرفية","unavailable":true,"name":"عرض الأحرف ذات وحدات البت العالية","href":"trml103.html"},"trmlshll":{"name":"جزء Shell من تفضيلات ملفات التعريف","href":"trmlshll.html","unavailable":true},"trml1018":{"searchName":"الاتصال بالخوادم في الوحدة الطرفية","unavailable":true,"name":"اتصال بالخوادم","href":"trml1018.html"},"trml1002":{"searchName":"تكرار الأوامر التي تم إدخالها سابقًا في الوحدة الطرفية","unavailable":true,"name":"تكرار الأوامر التي تم إدخالها سابقًا","href":"trml1002.html"},"trml108":{"searchName":"إنشاء مفاتيح وظائف مخصصة في الوحدة الطرفية","unavailable":true,"name":"إنشاء مفاتيح وظائف مخصصة","href":"trml108.html"},"trmlshtcts":{"searchName":"اختصارات لوحة مفاتيح الوحدة الطرفية","unavailable":true,"name":"اختصارات لوحة المفاتيح","href":"trmlshtcts.html"},"trml1034":{"searchName":"استيراد ملف إعدادات في الوحدة الطرفية","unavailable":true,"name":"استيراد ملف إعدادات","href":"trml1034.html"},"trml11412":{"name":"عرض عام لتطبيق الوحدة الطرفية","href":"trml11412.html","unavailable":true},"trmlwrkspc":{"name":"جزء مجموعات النوافذ من تفضيلات الوحدة الطرفية","href":"trmlwrkspc.html","unavailable":true},"trml15233":{"searchName":"تعديل مقدار النص المحتفظ به في نافذة الوحدة الطرفية","unavailable":true,"name":"تحديد عدد الصفوف المحتفظ به في الجلسة","href":"trml15233.html"},"trmlencd":{"name":"جزء الترميزات من تفضيلات الوحدة الطرفية","href":"trmlencd.html","unavailable":true}},"copyright_text":"‎© 2015 Apple Inc.‎ كافة الحقوق محفوظة.‏","css":""}