{"framework":"apd-framework-9.0.8","title":"Hjælp til Terminal","build_id":"556a95c2680ce24d354b25c6","icon":"..\/GlobalArt\/AppIconDefault_Terminal.png","sections":{"trml2d2340ac":{"name":"Indstil indstillinger","children":["trml107","trml1036","trml20912","trml113","trml15233"]},"trml2a13d2ad":{"name":"Arbejd i Terminal-vinduet","children":["trml1002","trml1001","trml106"]},"trml6dee242c":{"name":"Brug automatiske opgaver og instrukser","children":["trml15652","trml108","trml1020","trml11513","trml1003"]}},"birdseed_version":4,"toc":["trml11412","trml2a13d2ad","trml2d2340ac","trml6dee242c","trmlshtcts"],"locale":"da","version":"10.11","enable_tracking":false,"source_schema":"apd-schema","platform":"mac","build_date":"2015.05.30-23:53:00","landing":"trml35501","product":"terminal","urls":{},"copyright":"","topics":{"trml1031":{"name":"Opret faner i et Terminal-vindue","href":"trml1031.html","unavailable":true},"trml107":{"name":"Skift udseende på Terminal-vinduer","href":"trml107.html","unavailable":true},"trmladvn":{"name":"Vinduet Avanceret i indstillingerne til Beskrivelser","href":"trmladvn.html","unavailable":true},"trml1036":{"searchName":"Skift udseende på tekst i Terminal","unavailable":true,"name":"Skift udseende på tekst","href":"trml1036.html"},"trmlkbrd":{"name":"Vinduet Tastatur i indstillingerne til Beskrivelser","href":"trmlkbrd.html","unavailable":true},"trml1020":{"name":"Brug tilgængelighedsfunktioner i OS X","href":"trml1020.html","unavailable":true},"trmlwindw":{"name":"Vinduet Vindue i indstillingerne til Beskrivelser","href":"trmlwindw.html","unavailable":true},"trml15228":{"name":"Skift den titel, der vises i et Terminal-vindue","href":"trml15228.html","unavailable":true},"trmlstrtup":{"name":"Vinduet Generelt i Terminals indstillinger","href":"trmlstrtup.html","unavailable":true},"trml11512":{"searchName":"Rediger nyligt brugte kommandoer i Terminal","unavailable":true,"name":"Rediger tidligere brugte kommandoer","href":"trml11512.html"},"trml20912":{"searchName":"Indstil en visuel alarm eller en lydalarm i Terminal","unavailable":true,"name":"Indstil en visuel alarm eller en lydalarm","href":"trml20912.html"},"trml1001":{"searchName":"Ret slåfejl i Terminal","unavailable":true,"name":"Ret slåfejl","href":"trml1001.html"},"trml106":{"name":"Træk arkiver til Terminal for at anføre stier","href":"trml106.html","unavailable":true},"trml35501":{"icon":"..\/GlobalArt\/AppLanding_Terminal.png","categories":["landing"],"name":"Hjælp til Terminal","href":"trml35501.html"},"trmltab":{"name":"Vinduet Fane i indstillingerne til Beskrivelser","href":"trmltab.html","unavailable":true},"trml15220":{"searchName":"Slå internationale tegnkodninger til i Terminal","unavailable":true,"name":"Slå internationale tegnkodninger til","href":"trml15220.html"},"trml11513":{"name":"Start AppleScript-instrukser fra Terminal","href":"trml11513.html","unavailable":true},"trml35615":{"name":"Hvis Terminal bipper, mens du skriver","href":"trml35615.html","unavailable":true},"trml1019":{"name":"Kopier tekst til et Terminal-vindue","href":"trml1019.html","unavailable":true},"trml1003":{"name":"Automatiser opgaver vha. AppleScript ","href":"trml1003.html","unavailable":true},"trml104":{"searchName":"Eksporter Terminal-indstillinger","unavailable":true,"name":"Eksporter beskrivelsesindstillinger","href":"trml104.html"},"trml1032":{"searchName":"Slå internationale tegnkodninger til i Terminal","unavailable":true,"name":"Slå internationale tegnkodninger til","href":"trml1032.html"},"trml15652":{"searchName":"Åbn en gruppe Terminal-vinduer automatisk","unavailable":true,"name":"Åbn en gruppe vinduer automatisk","href":"trml15652.html"},"trml109":{"searchName":"Undgå uønsket registrering af tastetryk i Terminal","unavailable":true,"name":"Undgå uønsket registrering af tastetryk","href":"trml109.html"},"trml15226":{"searchName":"Skift markøren i Terminal","unavailable":true,"name":"Skift markøren","href":"trml15226.html"},"trml113":{"searchName":"Skift standarder til shell-vindue i Terminal","unavailable":true,"name":"Skift standarder til shell-vindue","href":"trml113.html"},"trmltxt":{"name":"Vinduet Tekst i indstillingerne til Beskrivelser","href":"trmltxt.html","unavailable":true},"trml103":{"searchName":"Vis high-bit tegn i Terminal","unavailable":true,"name":"Vis high-bit tegn","href":"trml103.html"},"trmlshll":{"name":"Vinduet Shell i indstillingerne til Beskrivelser","href":"trmlshll.html","unavailable":true},"trml1018":{"searchName":"Opret forbindelse til servere i Terminal","unavailable":true,"name":"Opret forbindelse til servere","href":"trml1018.html"},"trml1002":{"searchName":"Gentag tidligere indtastede kommandoer i Terminal","unavailable":true,"name":"Gentag tidligere indtastede kommandoer","href":"trml1002.html"},"trml108":{"searchName":"Opret specielle funktionstaster i Terminal","unavailable":true,"name":"Opret specielle funktionstaster","href":"trml108.html"},"trmlshtcts":{"searchName":"Tastaturgenveje i Terminal","unavailable":true,"name":"Tastaturgenveje","href":"trmlshtcts.html"},"trml1034":{"searchName":"Importer et Terminal-indstillingsarkiv","unavailable":true,"name":"Importer et indstillingsarkiv","href":"trml1034.html"},"trml11412":{"name":"Oversigt over Terminal","href":"trml11412.html","unavailable":true},"trmlwrkspc":{"name":"Vinduet Vinduesgrupper i Terminals indstillinger","href":"trmlwrkspc.html","unavailable":true},"trml15233":{"searchName":"Rediger den mængde tekst, der bevares i et Terminal-vindue","unavailable":true,"name":"Begræns antallet af rækker, som bevares i en session","href":"trml15233.html"},"trmlencd":{"name":"Vinduet Kodninger i Terminals indstillinger","href":"trmlencd.html","unavailable":true}},"copyright_text":"© 2015 Apple Inc. Alle rettigheder forbeholdes.","css":""}