{"framework":"apd-framework-9.0.8","title":"Ajutor Terminal","build_id":"556a95bf680ce24d354b2596","icon":"..\/GlobalArt\/AppIconDefault_Terminal.png","sections":{"trml2d2340ac":{"name":"Configurarea preferințelor","children":["trml107","trml1036","trml20912","trml113","trml15233"]},"trml2a13d2ad":{"name":"Lucrul într-o fereastră Terminal","children":["trml1002","trml1001","trml106"]},"trml6dee242c":{"name":"Utilizarea automatizării și a scripturilor","children":["trml15652","trml108","trml1020","trml11513","trml1003"]}},"birdseed_version":4,"toc":["trml11412","trml2a13d2ad","trml2d2340ac","trml6dee242c","trmlshtcts"],"locale":"ro","version":"10.11","enable_tracking":false,"source_schema":"apd-schema","platform":"mac","build_date":"2015.05.30-23:50:13","landing":"trml35501","product":"terminal","urls":{},"copyright":"","topics":{"trml1031":{"name":"Crearea filelor în fereastra Terminal","href":"trml1031.html","unavailable":true},"trml107":{"name":"Schimbarea aspectului ferestrelor Terminal","href":"trml107.html","unavailable":true},"trmladvn":{"name":"Panoul Avansat al preferințelor Profiluri","href":"trmladvn.html","unavailable":true},"trml1036":{"searchName":"Schimbarea aspectului textului în Terminal","unavailable":true,"name":"Schimbarea aspectului textului","href":"trml1036.html"},"trmlkbrd":{"name":"Panoul Tastatură al preferințelor Profiluri","href":"trmlkbrd.html","unavailable":true},"trml1020":{"name":"Utilizați funcțiile de accesibilitate ale OS X","href":"trml1020.html","unavailable":true},"trmlwindw":{"name":"Panoul Fereastră al preferințelor Profiluri","href":"trmlwindw.html","unavailable":true},"trml15228":{"name":"Schimbarea titlului afișat în fereastra Terminal","href":"trml15228.html","unavailable":true},"trmlstrtup":{"name":"Panoul General al preferințelor Terminal","href":"trmlstrtup.html","unavailable":true},"trml11512":{"searchName":"Editarea comenzilor utilizate recent în Terminal","unavailable":true,"name":"Editarea comenzilor utilizate anterior","href":"trml11512.html"},"trml20912":{"searchName":"Configurarea unei alerte audio sau vizuale în Terminal","unavailable":true,"name":"Configurarea unei alerte audio sau vizuale","href":"trml20912.html"},"trml1001":{"searchName":"Corectarea erorilor de tastare în Terminal","unavailable":true,"name":"Corectarea erorilor de tastare","href":"trml1001.html"},"trml106":{"name":"Tragerea fișierelor în Terminal pentru specificarea căilor","href":"trml106.html","unavailable":true},"trml35501":{"icon":"..\/GlobalArt\/AppLanding_Terminal.png","categories":["landing"],"name":"Ajutor Terminal","href":"trml35501.html"},"trmltab":{"name":"Panoul Filă al preferințelor Profiluri","href":"trmltab.html","unavailable":true},"trml15220":{"searchName":"Activarea codărilor de caractere internaționale în Terminal","unavailable":true,"name":"Activarea codărilor de caractere internaționale","href":"trml15220.html"},"trml11513":{"name":"Rularea scripturilor AppleScript în Terminal","href":"trml11513.html","unavailable":true},"trml35615":{"name":"Dacă Terminal emite bipuri în timpul scrierii","href":"trml35615.html","unavailable":true},"trml1019":{"name":"Copierea textului în fereastra Terminal","href":"trml1019.html","unavailable":true},"trml1003":{"name":"Automatizarea sarcinilor utilizând AppleScript","href":"trml1003.html","unavailable":true},"trml104":{"searchName":"Exportarea configurările din Terminal","unavailable":true,"name":"Exportul configurărilor profilului","href":"trml104.html"},"trml1032":{"searchName":"Activarea codărilor de caractere internaționale în Terminal","unavailable":true,"name":"Activarea codărilor de caractere internaționale","href":"trml1032.html"},"trml15652":{"searchName":"Deschiderea automată a unui grup de ferestre Terminal","unavailable":true,"name":"Deschiderea automată a unui grup de ferestre","href":"trml15652.html"},"trml109":{"searchName":"Prevenirea detectării nedorite a apăsărilor de taste în Terminal","unavailable":true,"name":"Prevenirea detectării nedorite a apăsărilor de taste","href":"trml109.html"},"trml15226":{"searchName":"Schimbarea cursorului în Terminal","unavailable":true,"name":"Schimbarea cursorului","href":"trml15226.html"},"trml113":{"searchName":"Schimbați valorile implicite ale ferestrei shell Terminal","unavailable":true,"name":"Schimbarea valorilor implicite ale ferestrei shell","href":"trml113.html"},"trmltxt":{"name":"Panoul Text al preferințelor Profiluri","href":"trmltxt.html","unavailable":true},"trml103":{"searchName":"Afișarea caracterelor pe un număr mare de biți în Terminal","unavailable":true,"name":"Afișarea caractere pe un număr mare de biți","href":"trml103.html"},"trmlshll":{"name":"Panoul Shell al preferințelor Profiluri","href":"trmlshll.html","unavailable":true},"trml1018":{"searchName":"Conectați-vă la servere în Terminal","unavailable":true,"name":"Conectarea la servere","href":"trml1018.html"},"trml1002":{"searchName":"Repetarea comenzilor introduse anterior în Terminal","unavailable":true,"name":"Repetarea comenzilor introduse anterior","href":"trml1002.html"},"trml108":{"searchName":"Creați taste funcționale personalizate în Terminal","unavailable":true,"name":"Crearea tastelor funcționale personalizate","href":"trml108.html"},"trmlshtcts":{"searchName":"Scurtături din tastatură în Terminal","unavailable":true,"name":"Scurtături din tastatură","href":"trmlshtcts.html"},"trml1034":{"searchName":"Importați un fișier de configurări în Terminal","unavailable":true,"name":"Importarea unui fișier de configurări","href":"trml1034.html"},"trml11412":{"name":"Prezentare generală Terminal","href":"trml11412.html","unavailable":true},"trmlwrkspc":{"name":"Panoul Grupuri de ferestre al preferințelor Terminal","href":"trmlwrkspc.html","unavailable":true},"trml15233":{"searchName":"Modificarea cantității de text reținut într-o fereastră Terminal","unavailable":true,"name":"Limitarea numărului de rânduri reținute într-o sesiune","href":"trml15233.html"},"trmlencd":{"name":"Panoul Codări al preferințelor Terminal","href":"trmlencd.html","unavailable":true}},"copyright_text":"© 2015 Apple Inc. Toate drepturile rezervate.","css":""}