{"framework":"apd-framework-9.0.8","title":"วิธีใช้เทอร์มินัล","build_id":"556a95c6680ce24d354b25ea","icon":"..\/GlobalArt\/AppIconDefault_Terminal.png","sections":{"trml2d2340ac":{"name":"การกำหนดการตั้งค่า","children":["trml107","trml1036","trml20912","trml113","trml15233"]},"trml2a13d2ad":{"name":"การทำงานในหน้าต่างเทอร์มินัล","children":["trml1002","trml1001","trml106"]},"trml6dee242c":{"name":"การใช้การทำงานอัตโนมัติและสคริปต์","children":["trml15652","trml108","trml1020","trml11513","trml1003"]}},"birdseed_version":4,"toc":["trml11412","trml2a13d2ad","trml2d2340ac","trml6dee242c","trmlshtcts"],"locale":"th","version":"10.11","enable_tracking":false,"source_schema":"apd-schema","platform":"mac","build_date":"2015.05.30-23:49:21","landing":"trml35501","product":"terminal","urls":{},"copyright":"","topics":{"trml1031":{"name":"การสร้างแท็บในหน้าต่างเทอร์มินัล","href":"trml1031.html","unavailable":true},"trml107":{"name":"การเปลี่ยนลักษณะของหน้าต่างเทอร์มินัล","href":"trml107.html","unavailable":true},"trmladvn":{"name":"บานหน้าต่างขั้นสูงของการตั้งค่าโปรไฟล์","href":"trmladvn.html","unavailable":true},"trml1036":{"searchName":"เปลี่ยนลักษณะของข้อความใน<b>เทอร์มินัล<\/b>","unavailable":true,"name":"การเปลี่ยนลักษณะข้อความ","href":"trml1036.html"},"trmlkbrd":{"name":"บานหน้าต่างแป้นพิมพ์ของการตั้งค่าโปรไฟล์","href":"trmlkbrd.html","unavailable":true},"trml1020":{"name":"การใช้คุณสมบัติการช่วยการเข้าถึง OS X","href":"trml1020.html","unavailable":true},"trmlwindw":{"name":"บานหน้าต่างหน้าต่างของการตั้งค่าโปรไฟล์","href":"trmlwindw.html","unavailable":true},"trml15228":{"name":"การเปลี่ยนชื่อเรื่องที่แสดงในหน้าต่างเทอร์มินัล","href":"trml15228.html","unavailable":true},"trmlstrtup":{"name":"บานหน้าต่างทั่วไปของการตั้งค่าเทอร์มินัล","href":"trmlstrtup.html","unavailable":true},"trml11512":{"searchName":"แก้ไขคำสั่งที่ใช้ล่าสุดใน<b>เทอร์มินัล<\/b>","unavailable":true,"name":"การแก้ไขคำสั่งที่ใช้ก่อนหน้า","href":"trml11512.html"},"trml20912":{"searchName":"ตั้งค่าการเตือนด้วยเสียงหรือภาพใน<b>เทอร์มินัล<\/b>","unavailable":true,"name":"การตั้งค่าการเตือนด้วยเสียงหรือภาพ","href":"trml20912.html"},"trml1001":{"searchName":"แก้ไขข้อผิดพลาดในการพิมพ์ให้ถูกต้องใน<b>เทอร์มินัล<\/b>","unavailable":true,"name":"การแก้ไขข้อผิดพลาดในการพิมพ์ให้ถูกต้อง","href":"trml1001.html"},"trml106":{"name":"การลากไฟล์เข้าไปในเทอร์มินัลเพื่อระบุเส้นทาง","href":"trml106.html","unavailable":true},"trml35501":{"icon":"..\/GlobalArt\/AppLanding_Terminal.png","categories":["landing"],"name":"วิธีใช้เทอร์มินัล","href":"trml35501.html"},"trmltab":{"name":"บานหน้าต่างแถบของการตั้งค่าโปรไฟล์","href":"trmltab.html","unavailable":true},"trml15220":{"searchName":"เปิดใช้งานการเข้ารหัสอักขระสากลใน<b>เทอร์มินัล<\/b>","unavailable":true,"name":"การเปิดใช้งานการเข้ารหัสอักขระสากล","href":"trml15220.html"},"trml11513":{"name":"การเรียกใช้สคริปต์ AppleScript จากเทอร์มินัล","href":"trml11513.html","unavailable":true},"trml35615":{"name":"หากเทอร์มินัลส่งเสียงบี๊บขณะที่คุณป้อน","href":"trml35615.html","unavailable":true},"trml1019":{"name":"การคัดลอกข้อความลงในหน้าต่างเทอร์มินัล","href":"trml1019.html","unavailable":true},"trml1003":{"name":"การทำงานโดยใช้ AppleScript โดยอัตโนมัติ","href":"trml1003.html","unavailable":true},"trml104":{"searchName":"การส่งออกการตั้งค่า<b>เทอร์มินัล<\/b>","unavailable":true,"name":"การส่งออกการตั้งค่าโปรไฟล์","href":"trml104.html"},"trml1032":{"searchName":"เปิดใช้งานการเข้ารหัสอักขระสากลใน<b>เทอร์มินัล<\/b>","unavailable":true,"name":"การเปิดใช้งานการเข้ารหัสอักขระสากล","href":"trml1032.html"},"trml15652":{"searchName":"เปิดกลุ่มหน้าต่างเทอร์มินัลโดยอัตโนมัติ","unavailable":true,"name":"การเปิดกลุ่มหน้าต่างโดยอัตโนมัติ","href":"trml15652.html"},"trml109":{"searchName":"ป้องกันการตรวจพบการกดแป้นพิมพ์ที่ไม่ต้องการใน<b>เทอร์มินัล<\/b>","unavailable":true,"name":"ป้องกันการตรวจพบการกดแป้นพิมพ์ที่ไม่ต้องการ","href":"trml109.html"},"trml15226":{"searchName":"เปลี่ยนเคอร์เซอร์ใน<b>เทอร์มินัล<\/b>","unavailable":true,"name":"การเปลี่ยนเคอร์เซอร์","href":"trml15226.html"},"trml113":{"searchName":"เปลี่ยนค่าเริ่มต้นหน้าต่างเชลล์<b>เทอร์มินัล<\/b>","unavailable":true,"name":"การเปลี่ยนค่าเริ่มต้นหน้าต่างเชลล์","href":"trml113.html"},"trmltxt":{"name":"บานหน้าต่างข้อความของการตั้งค่าโปรไฟล์","href":"trmltxt.html","unavailable":true},"trml103":{"searchName":"แสดงอักขระบิตสูงใน<b>เทอร์มินัล<\/b>","unavailable":true,"name":"การแสดงอักขระบิตสูง","href":"trml103.html"},"trmlshll":{"name":"บานหน้าต่างเชลล์ของการตั้งค่าโปรไฟล์","href":"trmlshll.html","unavailable":true},"trml1018":{"searchName":"เชื่อมต่อไปยังเซิร์ฟเวอร์ใน<b>เทอร์มินัล<\/b>","unavailable":true,"name":"การเชื่อมต่อไปยังเซิร์ฟเวอร์","href":"trml1018.html"},"trml1002":{"searchName":"ทำซ้ำคำสั่งที่ป้อนก่อนหน้านี้ใน<b>เทอร์มินัล<\/b>","unavailable":true,"name":"การทำซ้ำคำสั่งที่ป้อนก่อนหน้านี้","href":"trml1002.html"},"trml108":{"searchName":"สร้างแป้นฟังก์ชั่นแบบกำหนดเองใน<b>เทอร์มินัล<\/b>","unavailable":true,"name":"การสร้างแป้นฟังก์ชั่นแบบกำหนดเอง","href":"trml108.html"},"trmlshtcts":{"searchName":"ปุ่มลัดแป้นพิมพ์<b>เทอร์มินัล<\/b>","unavailable":true,"name":"คีย์ลัดแป้นพิมพ์","href":"trmlshtcts.html"},"trml1034":{"searchName":"นำเข้าไฟล์การตั้งค่า<b>เทอร์มินัล<\/b>","unavailable":true,"name":"การนำเข้าไฟล์การตั้งค่า","href":"trml1034.html"},"trml11412":{"name":"ภาพรวมเทอร์มินัล","href":"trml11412.html","unavailable":true},"trmlwrkspc":{"name":"บานหน้าต่างกลุ่มหน้าต่างในการตั้งค่าเทอร์มินัล","href":"trmlwrkspc.html","unavailable":true},"trml15233":{"searchName":"แก้ไขจำนวนข้อความที่เก็บไว้ในหน้าต่าง<b>เทอร์มินัล<\/b>","unavailable":true,"name":"การจำกัดจำนวนแถวที่เก็บไว้ในเซสชั่น","href":"trml15233.html"},"trmlencd":{"name":"บานหน้าต่างการเข้ารหัสของการตั้งค่าเทอร์มินัล","href":"trmlencd.html","unavailable":true}},"copyright_text":"© 2015 Apple Inc.สงวนลิขสิทธิ์","css":""}