{"framework":"apd-framework-9.0.8","title":"「終端機」輔助說明","build_id":"5589a8b7680ce24624ea6205","icon":"..\/GlobalArt\/AppIconDefault_Terminal.png","sections":{"trml2d2340ac":{"name":"設定偏好設定","children":["trml107","trml1036","trml20912","trml113","trml15233"]},"trml2a13d2ad":{"name":"在「終端機」視窗中作業","children":["trml1002","trml1001","trml106"]},"trml6dee242c":{"name":"使用自動化和工序指令","children":["trml15652","trml108","trml1020","trml11513","trml1003"]}},"birdseed_version":4,"toc":["trml11412","trml2a13d2ad","trml2d2340ac","trml6dee242c","trmlshtcts"],"locale":"zh-tw","version":"10.11","enable_tracking":false,"source_schema":"apd-schema","platform":"mac","build_date":"2015.06.23-11:45:00","landing":"trml35501","product":"terminal","urls":{},"copyright":"","topics":{"trml1031":{"name":"建立「終端機」視窗中的標籤頁","href":"trml1031.html","unavailable":true},"trml107":{"name":"更改「終端機」視窗的外觀","href":"trml107.html","unavailable":true},"trmladvn":{"name":"「描述檔」偏好設定的「進階」面板","href":"trmladvn.html","unavailable":true},"trml1036":{"searchName":"更改「終端機」中文字的外觀","unavailable":true,"name":"更改文字的外觀","href":"trml1036.html"},"trmlkbrd":{"name":"「描述檔」偏好設定的「鍵盤」面板","href":"trmlkbrd.html","unavailable":true},"trml1020":{"name":"使用 OS X 輔助使用功能","href":"trml1020.html","unavailable":true},"trmlwindw":{"name":"「描述檔」偏好設定的「視窗」面板","href":"trmlwindw.html","unavailable":true},"trml15228":{"name":"更改「終端機」視窗中顯示的標題","href":"trml15228.html","unavailable":true},"trmlstrtup":{"name":"「終端機」偏好設定的「一般」面板","href":"trmlstrtup.html","unavailable":true},"trml11512":{"searchName":"在「終端機」中編輯最近使用過的指令","unavailable":true,"name":"編輯先前使用過的指令","href":"trml11512.html"},"trml20912":{"searchName":"在「終端機」中設定音訊或視覺提示","unavailable":true,"name":"設定音訊或視覺提示","href":"trml20912.html"},"trml1001":{"searchName":"在「終端機」中修正輸入錯誤","unavailable":true,"name":"修正輸入錯誤","href":"trml1001.html"},"trml106":{"name":"將檔案拖入「終端機」來指定路徑","href":"trml106.html","unavailable":true},"trml35501":{"icon":"..\/GlobalArt\/AppLanding_Terminal.png","categories":["landing"],"name":"「終端機」輔助說明","href":"trml35501.html"},"trmltab":{"name":"「描述檔」偏好設定的「標籤頁」面板","href":"trmltab.html","unavailable":true},"trml15220":{"searchName":"在「終端機」中啟用國際設定字元編碼","unavailable":true,"name":"啟用國際設定字元編碼","href":"trml15220.html"},"trml11513":{"name":"從「終端機」執行 AppleScript 工序指令","href":"trml11513.html","unavailable":true},"trml35615":{"name":"如果「終端機」在您輸入時發出嗶聲","href":"trml35615.html","unavailable":true},"trml1019":{"name":"將文字拷貝到「終端機」視窗","href":"trml1019.html","unavailable":true},"trml1003":{"name":"使用 AppleScript 來自動執行任務","href":"trml1003.html","unavailable":true},"trml104":{"searchName":"輸出「終端機」設定","unavailable":true,"name":"輸出描述檔設定","href":"trml104.html"},"trml1032":{"searchName":"在「終端機」中啟用國際設定字元編碼","unavailable":true,"name":"啟用國際設定字元編碼","href":"trml1032.html"},"trml15652":{"searchName":"自動打開「終端機」視窗群組","unavailable":true,"name":"自動打開視窗群組","href":"trml15652.html"},"trml109":{"searchName":"防止「終端機」中多餘的鍵盤輸入偵測動作","unavailable":true,"name":"防止多餘的鍵盤輸入偵測動作","href":"trml109.html"},"trml15226":{"searchName":"在「終端機」中更改游標","unavailable":true,"name":"更改游標","href":"trml15226.html"},"trml113":{"searchName":"更改「終端機」shell 視窗預設值","unavailable":true,"name":"更改 shell 視窗預設值","href":"trml113.html"},"trmltxt":{"name":"「描述檔」偏好設定的「文字」面板","href":"trmltxt.html","unavailable":true},"trml103":{"searchName":"在「終端機」中顯示高位元字元","unavailable":true,"name":"顯示高位元字元","href":"trml103.html"},"trmlshll":{"name":"「描述檔」偏好設定的 Shell 面板","href":"trmlshll.html","unavailable":true},"trml1018":{"searchName":"在「終端機」中連接伺服器","unavailable":true,"name":"連接伺服器","href":"trml1018.html"},"trml1002":{"searchName":"重複之前在「終端機」中輸入的指令","unavailable":true,"name":"重複之前輸入的指令","href":"trml1002.html"},"trml108":{"searchName":"在「終端機」中製作自定功能鍵","unavailable":true,"name":"製作自定的功能鍵","href":"trml108.html"},"trmlshtcts":{"searchName":"終端機鍵盤快速鍵","unavailable":true,"name":"鍵盤快速鍵","href":"trmlshtcts.html"},"trml1034":{"searchName":"輸入「終端機」設定檔案","unavailable":true,"name":"輸入設定檔案","href":"trml1034.html"},"trml11412":{"name":"終端機概覽","href":"trml11412.html","unavailable":true},"trmlwrkspc":{"name":"「終端機」偏好設定的「視窗群組」面板","href":"trmlwrkspc.html","unavailable":true},"trml15233":{"searchName":"修改「終端機」視窗中保留的文字數目","unavailable":true,"name":"限制區段中保留的橫列數量","href":"trml15233.html"},"trmlencd":{"name":"「終端機」偏好設定的「編碼」面板","href":"trmlencd.html","unavailable":true}},"copyright_text":"© 2015 Apple Inc.保留一切權利。","css":""}